protocol,pool_id,drift,method,real_evals,seed,final_best_cost,best_kp,best_ti_scale,twin_mare_percent
field_matched,P001,D01,CS-BO,30,0,1.8730622300631135,1.934457577916899,99.66611120085513,5.231697918471124
field_matched,P001,D01,CS-BO,30,1,1.871402019861232,1.8896870235686525,100.0,5.231697918471124
field_matched,P001,D01,CS-BO,30,2,1.8713479051382134,1.877582172257711,100.0,5.231697918471124
field_matched,P001,D01,WS-BO,30,0,1.8726480152292502,1.9263324618884778,100.0,5.231697918471124
field_matched,P001,D01,WS-BO,30,1,1.871411036182956,1.8819888096957256,100.0,5.231697918471124
field_matched,P001,D01,WS-BO,30,2,1.871490826219216,1.8958012707096936,100.0,5.231697918471124
field_matched,P001,D01,HGS-only,0,0,2.0915048316309,2.6686439524331815,100.00000000000004,5.231697918471124
field_matched,P001,D01,HGS+BO5,5,0,2.0915048316309,2.6686439524331815,100.00000000000004,5.231697918471124
field_matched,P001,D01,HGS+BO10,10,0,2.0915048316309,2.6686439524331815,100.00000000000004,5.231697918471124
field_matched,P001,D02,CS-BO,30,0,1.930335370786635,1.853667776581387,100.0,2.283394540157078
field_matched,P001,D02,CS-BO,30,1,1.9291793380923918,1.8152316292280999,100.0,2.283394540157078
field_matched,P001,D02,CS-BO,30,2,1.9293731241689351,1.8235900059726433,100.0,2.283394540157078
field_matched,P001,D02,WS-BO,30,0,1.9294381643974283,1.8301044106791473,100.0,2.283394540157078
field_matched,P001,D02,WS-BO,30,1,1.9292846666826922,1.8194297563216781,100.0,2.283394540157078
field_matched,P001,D02,WS-BO,30,2,1.929337452284646,1.8170868128021203,100.0,2.283394540157078
field_matched,P001,D02,HGS-only,0,0,2.2124167367402814,2.6686439524331815,100.00000000000004,2.283394540157078
field_matched,P001,D02,HGS+BO5,5,0,2.1585713774431916,2.5694382057945226,92.81896205864804,2.283394540157078
field_matched,P001,D02,HGS+BO10,10,0,2.1585713774431916,2.5694382057945226,92.81896205864804,2.283394540157078
field_matched,P001,D03,CS-BO,30,0,1.8258107732028013,1.9716982850262674,100.0,9.340231631744864
field_matched,P001,D03,CS-BO,30,1,1.8249418751552184,1.9333568277422915,100.0,9.340231631744864
field_matched,P001,D03,CS-BO,30,2,1.8251007990263424,1.936361434056092,99.95360265293317,9.340231631744864
field_matched,P001,D03,WS-BO,30,0,1.8269435952576147,2.002639690848123,100.0,9.340231631744864
field_matched,P001,D03,WS-BO,30,1,1.825034380056978,1.9289720265224217,100.0,9.340231631744864
field_matched,P001,D03,WS-BO,30,2,1.825019239847756,1.9443602996846963,100.0,9.340231631744864
field_matched,P001,D03,HGS-only,0,0,2.047049430849768,2.7761805313941887,100.00000000000004,9.340231631744864
field_matched,P001,D03,HGS+BO5,5,0,2.047049430849768,2.7761805313941887,100.00000000000004,9.340231631744864
field_matched,P001,D03,HGS+BO10,10,0,2.047049430849768,2.7761805313941887,100.00000000000004,9.340231631744864
field_matched,P001,D04,CS-BO,30,0,2.005817561739653,1.783485680353023,100.0,1.2646052678891624
field_matched,P001,D04,CS-BO,30,1,2.004696286985118,1.7399138087980013,100.0,1.2646052678891624
field_matched,P001,D04,CS-BO,30,2,2.004631021061757,1.7517752935613846,100.0,1.2646052678891624
field_matched,P001,D04,WS-BO,30,0,2.004739914901331,1.7496903033975375,100.0,1.2646052678891624
field_matched,P001,D04,WS-BO,30,1,2.0045725984409084,1.7367399650538229,100.0,1.2646052678891624
field_matched,P001,D04,WS-BO,30,2,2.0047251214477235,1.7309158975696792,100.0,1.2646052678891624
field_matched,P001,D04,HGS-only,0,0,2.314333886711499,2.5694382057945226,92.81896205864804,1.2646052678891624
field_matched,P001,D04,HGS+BO5,5,0,2.2550440565905983,2.473920392181609,100.0,1.2646052678891624
field_matched,P001,D04,HGS+BO10,10,0,2.2550440565905983,2.473920392181609,100.0,1.2646052678891624
field_matched,P001,D05,CS-BO,30,0,1.7874037285941022,2.030146043086305,100.0,13.96948111287363
field_matched,P001,D05,CS-BO,30,1,1.786629675828907,1.9731768738291104,100.0,13.96948111287363
field_matched,P001,D05,CS-BO,30,2,1.7865411186602558,1.9882556837621794,100.0,13.96948111287363
field_matched,P001,D05,WS-BO,30,0,1.7865905172021104,1.9740572093546236,100.0,13.96948111287363
field_matched,P001,D05,WS-BO,30,1,1.7866248021469957,1.9827157872221344,100.0,13.96948111287363
field_matched,P001,D05,WS-BO,30,2,1.7868179700566618,1.9821343175457373,100.0,13.96948111287363
field_matched,P001,D05,HGS-only,0,0,1.9693354041193882,2.7761805313941887,100.00000000000004,13.96948111287363
field_matched,P001,D05,HGS+BO5,5,0,1.9693354041193882,2.7761805313941887,100.00000000000004,13.96948111287363
field_matched,P001,D05,HGS+BO10,10,0,1.9693354041193882,2.7761805313941887,100.00000000000004,13.96948111287363
field_matched,P001,D06,CS-BO,30,0,1.9618406556447547,1.8462116659562384,100.0,2.345839089062105
field_matched,P001,D06,CS-BO,30,1,1.9614219965965778,1.8426669480164666,100.0,2.345839089062105
field_matched,P001,D06,CS-BO,30,2,1.9592080203253324,1.7981090303723148,100.0,2.345839089062105
field_matched,P001,D06,WS-BO,30,0,1.9590075553564443,1.773841237772601,100.0,2.345839089062105
field_matched,P001,D06,WS-BO,30,1,1.9628644682466838,1.8594005439898866,100.0,2.345839089062105
field_matched,P001,D06,WS-BO,30,2,1.958979286939949,1.7596696858089074,100.0,2.345839089062105
field_matched,P001,D06,HGS-only,0,0,2.1625752092809294,2.442831059287618,100.00000000000004,2.345839089062105
field_matched,P001,D06,HGS+BO5,5,0,2.1625752092809294,2.442831059287618,100.00000000000004,2.345839089062105
field_matched,P001,D06,HGS+BO10,10,0,2.1625752092809294,2.442831059287618,100.00000000000004,2.345839089062105
field_matched,P001,D07,CS-BO,30,0,2.011747616803094,1.7185949826023879,100.0,2.9377351184494094
field_matched,P001,D07,CS-BO,30,1,2.0167143137041985,1.8052531244160963,100.0,2.9377351184494094
field_matched,P001,D07,CS-BO,30,2,2.012272800161832,1.7490571806178092,100.0,2.9377351184494094
field_matched,P001,D07,WS-BO,30,0,2.012530513220804,1.686844244707077,100.0,2.9377351184494094
field_matched,P001,D07,WS-BO,30,1,2.011979459583512,1.7269636094947245,100.0,2.9377351184494094
field_matched,P001,D07,WS-BO,30,2,2.0155901650746566,1.6715285927340386,82.71596241279504,2.9377351184494094
field_matched,P001,D07,HGS-only,0,0,2.168971975604528,2.2547883389877694,100.00000000000004,2.9377351184494094
field_matched,P001,D07,HGS+BO5,5,0,2.168971975604528,2.2547883389877694,100.00000000000004,2.9377351184494094
field_matched,P001,D07,HGS+BO10,10,0,2.1074934242268144,1.7479820837467874,11.131046168659275,2.9377351184494094
field_matched,P001,D08,CS-BO,30,0,1.8320400451076828,1.9406454171383036,100.0,3.2298407541814305
field_matched,P001,D08,CS-BO,30,1,1.8317083355027624,1.9230472106282064,100.0,3.2298407541814305
field_matched,P001,D08,CS-BO,30,2,1.8317681371176504,1.9285453205074057,100.0,3.2298407541814305
field_matched,P001,D08,WS-BO,30,0,1.8330284800416186,1.9732019793196194,100.0,3.2298407541814305
field_matched,P001,D08,WS-BO,30,1,1.8317999017072113,1.9312913009858792,100.0,3.2298407541814305
field_matched,P001,D08,WS-BO,30,2,1.832091078542117,1.9398439218504295,100.0,3.2298407541814305
field_matched,P001,D08,HGS-only,0,0,2.115692050702051,2.8833685781039966,98.93064337145105,3.2298407541814305
field_matched,P001,D08,HGS+BO5,5,0,2.115692050702051,2.8833685781039966,98.93064337145105,3.2298407541814305
field_matched,P001,D08,HGS+BO10,10,0,2.115692050702051,2.8833685781039966,98.93064337145105,3.2298407541814305
field_matched,P001,D09,CS-BO,30,0,1.977345740035572,1.7936813835268888,100.0,4.059979273275033
field_matched,P001,D09,CS-BO,30,1,1.9770226021065147,1.754877418979694,100.0,4.059979273275033
field_matched,P001,D09,CS-BO,30,2,1.9770731827946875,1.7704235651163196,100.0,4.059979273275033
field_matched,P001,D09,WS-BO,30,0,1.9769236445638056,1.7748218563638147,100.0,4.059979273275033
field_matched,P001,D09,WS-BO,30,1,1.9768560657801473,1.7631773309439869,100.0,4.059979273275033
field_matched,P001,D09,WS-BO,30,2,1.9769441357944477,1.7663893695717576,100.0,4.059979273275033
field_matched,P001,D09,HGS-only,0,0,2.1768348251266008,2.4322639014064316,100.00000000000004,4.059979273275033
field_matched,P001,D09,HGS+BO5,5,0,2.131611092983849,2.341845486412825,100.0,4.059979273275033
field_matched,P001,D09,HGS+BO10,10,0,2.131611092983849,2.341845486412825,100.0,4.059979273275033
field_matched,P001,D10,CS-BO,30,0,1.8179154044567105,1.9816183634026514,100.0,5.911655175293483
field_matched,P001,D10,CS-BO,30,1,1.8173457597211522,1.9296526999650225,100.0,5.911655175293483
field_matched,P001,D10,CS-BO,30,2,1.81749451568214,1.9472316369716676,98.45854703754092,5.911655175293483
field_matched,P001,D10,WS-BO,30,0,1.8175557329542067,1.954810200525476,100.0,5.911655175293483
field_matched,P001,D10,WS-BO,30,1,1.8173338432270247,1.9425293777589976,100.0,5.911655175293483
field_matched,P001,D10,WS-BO,30,2,1.8173685206478656,1.941677291442268,100.0,5.911655175293483
field_matched,P001,D10,HGS-only,0,0,2.031349312720739,2.7761805313941887,100.00000000000004,5.911655175293483
field_matched,P001,D10,HGS+BO5,5,0,2.031349312720739,2.7761805313941887,100.00000000000004,5.911655175293483
field_matched,P001,D10,HGS+BO10,10,0,2.031349312720739,2.7761805313941887,100.00000000000004,5.911655175293483
field_matched,P049,D01,CS-BO,30,0,1.9870972366498996,2.869066096905873,100.0,7.619369104199569
field_matched,P049,D01,CS-BO,30,1,1.987097305599069,2.8428962947706955,100.0,7.619369104199569
field_matched,P049,D01,CS-BO,30,2,1.9872797690687605,2.84762279044617,100.0,7.619369104199569
field_matched,P049,D01,WS-BO,30,0,1.9870510366091065,2.908720125842184,100.0,7.619369104199569
field_matched,P049,D01,WS-BO,30,1,1.987000843032395,2.8814365360861176,100.0,7.619369104199569
field_matched,P049,D01,WS-BO,30,2,1.9868924154159004,2.864316847312572,100.0,7.619369104199569
field_matched,P049,D01,HGS-only,0,0,1.99699199730581,3.1413808487956447,100.00000000000004,7.619369104199569
field_matched,P049,D01,HGS+BO5,5,0,1.99699199730581,3.1413808487956447,100.00000000000004,7.619369104199569
field_matched,P049,D01,HGS+BO10,10,0,1.99699199730581,3.1413808487956447,100.00000000000004,7.619369104199569
field_matched,P049,D02,CS-BO,30,0,2.054354675885141,2.7541141438177914,100.0,7.570420637724454
field_matched,P049,D02,CS-BO,30,1,2.054656902924793,2.7111581250064463,100.0,7.570420637724454
field_matched,P049,D02,CS-BO,30,2,2.0544245597013697,2.7627314173297406,100.0,7.570420637724454
field_matched,P049,D02,WS-BO,30,0,2.054350581667962,2.7423285603458636,99.7285718922423,7.570420637724454
field_matched,P049,D02,WS-BO,30,1,2.0543877434716458,2.755940867644725,100.0,7.570420637724454
field_matched,P049,D02,WS-BO,30,2,2.0545001100270497,2.761411790508954,100.0,7.570420637724454
field_matched,P049,D02,HGS-only,0,0,2.0749721074036236,3.0993777675211462,100.00000000000004,7.570420637724454
field_matched,P049,D02,HGS+BO5,5,0,2.0749721074036236,3.0993777675211462,100.00000000000004,7.570420637724454
field_matched,P049,D02,HGS+BO10,10,0,2.0749721074036236,3.0993777675211462,100.00000000000004,7.570420637724454
field_matched,P049,D03,CS-BO,30,0,1.9345458030549745,2.9740878784315044,100.0,7.56548828095754
field_matched,P049,D03,CS-BO,30,1,1.9344757804903474,2.9856019951504527,100.0,7.56548828095754
field_matched,P049,D03,CS-BO,30,2,1.9345766931338269,2.996014705766962,100.0,7.56548828095754
field_matched,P049,D03,WS-BO,30,0,1.9345513634736047,3.0172200299179393,100.0,7.56548828095754
field_matched,P049,D03,WS-BO,30,1,1.9344239858378538,3.002973552172524,100.0,7.56548828095754
field_matched,P049,D03,WS-BO,30,2,1.9344622185754565,3.005135250017907,100.0,7.56548828095754
field_matched,P049,D03,HGS-only,0,0,1.953637865180749,3.3886405685977725,100.00000000000004,7.56548828095754
field_matched,P049,D03,HGS+BO5,5,0,1.953637865180749,3.3886405685977725,100.00000000000004,7.56548828095754
field_matched,P049,D03,HGS+BO10,10,0,1.953637865180749,3.3886405685977725,100.00000000000004,7.56548828095754
field_matched,P049,D04,CS-BO,30,0,2.1462657731868817,2.6187715731868964,100.0,7.392892772355116
field_matched,P049,D04,CS-BO,30,1,2.1461960014986174,2.5930992969801694,99.04372323453234,7.392892772355116
field_matched,P049,D04,CS-BO,30,2,2.146017840882978,2.600031668913407,100.0,7.392892772355116
field_matched,P049,D04,WS-BO,30,0,2.1460306374337432,2.580416731063947,100.0,7.392892772355116
field_matched,P049,D04,WS-BO,30,1,2.146106459647324,2.5745688283662744,100.0,7.392892772355116
field_matched,P049,D04,WS-BO,30,2,2.1460474182382825,2.6120467586586655,100.0,7.392892772355116
field_matched,P049,D04,HGS-only,0,0,2.1677086394084633,2.9198232077462025,100.00000000000004,7.392892772355116
field_matched,P049,D04,HGS+BO5,5,0,2.163360039140236,2.8833685781039966,98.93064337145105,7.392892772355116
field_matched,P049,D04,HGS+BO10,10,0,2.163360039140236,2.8833685781039966,98.93064337145105,7.392892772355116
field_matched,P049,D05,CS-BO,30,0,1.89228108942019,3.0991642840490203,100.0,7.418012550240609
field_matched,P049,D05,CS-BO,30,1,1.8920787106022843,3.087350194461145,99.02154125734495,7.418012550240609
field_matched,P049,D05,CS-BO,30,2,1.893221115635436,3.1227977014820913,72.0733034273632,7.418012550240609
field_matched,P049,D05,WS-BO,30,0,1.8922669301534518,3.1197080722355337,100.0,7.418012550240609
field_matched,P049,D05,WS-BO,30,1,1.8920619933385228,3.07255069478805,100.0,7.418012550240609
field_matched,P049,D05,WS-BO,30,2,1.8923788545021267,3.122406753352007,100.0,7.418012550240609
field_matched,P049,D05,HGS-only,0,0,1.910768270444366,3.506999351529612,100.00000000000004,7.418012550240609
field_matched,P049,D05,HGS+BO5,5,0,1.910768270444366,3.506999351529612,100.00000000000004,7.418012550240609
field_matched,P049,D05,HGS+BO10,10,0,1.910768270444366,3.506999351529612,100.00000000000004,7.418012550240609
field_matched,P049,D06,CS-BO,30,0,2.0758752407779064,2.6681174044871745,100.0,7.696882140155356
field_matched,P049,D06,CS-BO,30,1,2.076087564939905,2.6706795777188166,100.0,7.696882140155356
field_matched,P049,D06,CS-BO,30,2,2.0757673864250052,2.6856488165958172,100.0,7.696882140155356
field_matched,P049,D06,WS-BO,30,0,2.075832263869062,2.6613197977665437,100.0,7.696882140155356
field_matched,P049,D06,WS-BO,30,1,2.0761819411658697,2.6544895102532835,100.0,7.696882140155356
field_matched,P049,D06,WS-BO,30,2,2.075804419430097,2.684176220612723,100.0,7.696882140155356
field_matched,P049,D06,HGS-only,0,0,2.0856555776737196,2.9198232077462025,100.00000000000004,7.696882140155356
field_matched,P049,D06,HGS+BO5,5,0,2.082963298042106,2.8833685781039966,98.93064337145105,7.696882140155356
field_matched,P049,D06,HGS+BO10,10,0,2.082963298042106,2.8833685781039966,98.93064337145105,7.696882140155356
field_matched,P049,D07,CS-BO,30,0,2.1261739972879674,2.5546578098086927,100.0,8.159660509718405
field_matched,P049,D07,CS-BO,30,1,2.127817930111223,2.680738700224374,100.0,8.159660509718405
field_matched,P049,D07,CS-BO,30,2,2.1261151061253623,2.5816631402036005,95.03845066594607,8.159660509718405
field_matched,P049,D07,WS-BO,30,0,2.126041033277676,2.5650191681536554,100.0,8.159660509718405
field_matched,P049,D07,WS-BO,30,1,2.126520675282762,2.5513195592787796,100.0,8.159660509718405
field_matched,P049,D07,WS-BO,30,2,2.129356087624185,2.532368070311927,55.27641675098856,8.159660509718405
field_matched,P049,D07,HGS-only,0,0,2.1338076371180286,2.7761805313941887,100.00000000000004,8.159660509718405
field_matched,P049,D07,HGS+BO5,5,0,2.1338076371180286,2.7761805313941887,100.00000000000004,8.159660509718405
field_matched,P049,D07,HGS+BO10,10,0,2.1338076371180286,2.7761805313941887,100.00000000000004,8.159660509718405
field_matched,P049,D08,CS-BO,30,0,1.9965376188493615,2.8434018817324738,100.0,8.077461786691906
field_matched,P049,D08,CS-BO,30,1,1.9965074392558502,2.8505236582897324,99.68454514120165,8.077461786691906
field_matched,P049,D08,CS-BO,30,2,1.9968705933253923,2.905437155411074,100.0,8.077461786691906
field_matched,P049,D08,WS-BO,30,0,1.9966127163537164,2.8565041509803892,100.0,8.077461786691906
field_matched,P049,D08,WS-BO,30,1,1.996567862498849,2.868870449834277,100.0,8.077461786691906
field_matched,P049,D08,WS-BO,30,2,1.9966309918766452,2.827296385053265,100.0,8.077461786691906
field_matched,P049,D08,HGS-only,0,0,2.008447614169908,3.1413808487956447,100.00000000000004,8.077461786691906
field_matched,P049,D08,HGS+BO5,5,0,2.008447614169908,3.1413808487956447,100.00000000000004,8.077461786691906
field_matched,P049,D08,HGS+BO10,10,0,2.008447614169908,3.1413808487956447,100.00000000000004,8.077461786691906
field_matched,P049,D09,CS-BO,30,0,2.0426379378101345,2.7838058107380066,99.73814067944511,7.145620575818226
field_matched,P049,D09,CS-BO,30,1,2.042719673797143,2.753378648985475,99.69133494768643,7.145620575818226
field_matched,P049,D09,CS-BO,30,2,2.04321157339859,2.835696446630544,100.0,7.145620575818226
field_matched,P049,D09,WS-BO,30,0,2.042330636483331,2.7739554740583308,100.0,7.145620575818226
field_matched,P049,D09,WS-BO,30,1,2.0423976930790597,2.779361840832969,100.0,7.145620575818226
field_matched,P049,D09,WS-BO,30,2,2.0425135734102504,2.783261441209991,100.0,7.145620575818226
field_matched,P049,D09,HGS-only,0,0,2.0599478313453385,3.0993777675211462,100.00000000000004,7.145620575818226
field_matched,P049,D09,HGS+BO5,5,0,2.0599478313453385,3.0993777675211462,100.00000000000004,7.145620575818226
field_matched,P049,D09,HGS+BO10,10,0,2.0599478313453385,3.0993777675211462,100.00000000000004,7.145620575818226
field_matched,P049,D10,CS-BO,30,0,1.9484871319657149,2.947863166690605,100.0,8.325443195629031
field_matched,P049,D10,CS-BO,30,1,1.948543747973327,2.9384347833115294,100.0,8.325443195629031
field_matched,P049,D10,CS-BO,30,2,1.94869066626778,2.9392377090378696,100.0,8.325443195629031
field_matched,P049,D10,WS-BO,30,0,1.948563255431433,2.9636627788834238,100.0,8.325443195629031
field_matched,P049,D10,WS-BO,30,1,1.9485098138873962,2.942150083787629,100.0,8.325443195629031
field_matched,P049,D10,WS-BO,30,2,1.9485352199001307,2.9558361003309828,100.0,8.325443195629031
field_matched,P049,D10,HGS-only,0,0,1.9722054110596374,3.3886405685977725,100.00000000000004,8.325443195629031
field_matched,P049,D10,HGS+BO5,5,0,1.9722054110596374,3.3886405685977725,100.00000000000004,8.325443195629031
field_matched,P049,D10,HGS+BO10,10,0,1.9722054110596374,3.3886405685977725,100.00000000000004,8.325443195629031
field_matched,P053,D01,CS-BO,30,0,2.5533875805040314,12.949308297096396,100.0,12.07681612073533
field_matched,P053,D01,CS-BO,30,1,2.5533296602907827,12.971150407685254,100.0,12.07681612073533
field_matched,P053,D01,CS-BO,30,2,2.5533670303647864,12.933555716086781,100.0,12.07681612073533
field_matched,P053,D01,WS-BO,30,0,2.5538217428048986,12.99293003565339,46.82741576342508,12.07681612073533
field_matched,P053,D01,WS-BO,30,1,2.5533263229090397,12.96014645554117,100.0,12.07681612073533
field_matched,P053,D01,WS-BO,30,2,2.553491496006854,12.868322345934839,86.20556370262668,12.07681612073533
field_matched,P053,D01,HGS-only,0,0,2.6111398847446914,15.056524799493728,80.54092330682604,12.07681612073533
field_matched,P053,D01,HGS+BO5,5,0,2.5962681478756484,14.72906393844336,26.84697443560868,12.07681612073533
field_matched,P053,D01,HGS+BO10,10,0,2.5962681478756484,14.72906393844336,26.84697443560868,12.07681612073533
field_matched,P053,D02,CS-BO,30,0,2.719658507928554,12.189110304830022,93.38215826552027,11.926112466176669
field_matched,P053,D02,CS-BO,30,1,2.719544718336823,12.169753056181195,100.0,11.926112466176669
field_matched,P053,D02,CS-BO,30,2,2.7196119570825554,12.20182599019306,99.15075449441174,11.926112466176669
field_matched,P053,D02,WS-BO,30,0,2.719724086469977,12.091785845131398,97.8896847543324,11.926112466176669
field_matched,P053,D02,WS-BO,30,1,2.719555471367817,12.172747377391586,100.0,11.926112466176669
field_matched,P053,D02,WS-BO,30,2,2.7201525266782216,12.16005158305377,41.69061278742558,11.926112466176669
field_matched,P053,D02,HGS-only,0,0,2.786835273032974,14.288493416978831,100.0,11.926112466176669
field_matched,P053,D02,HGS+BO5,5,0,2.7645757056133213,13.872876753888136,36.61644323555567,11.926112466176669
field_matched,P053,D02,HGS+BO10,10,0,2.7645757056133213,13.872876753888136,36.61644323555567,11.926112466176669
field_matched,P053,D03,CS-BO,30,0,2.422929947474578,13.518097311825159,100.0,12.15823574290932
field_matched,P053,D03,CS-BO,30,1,2.4228925564695523,13.645985826286461,100.0,12.15823574290932
field_matched,P053,D03,CS-BO,30,2,2.4233196546290565,13.810673942163545,98.33513714657958,12.15823574290932
field_matched,P053,D03,WS-BO,30,0,2.423315508798637,13.636228147928959,41.25411769093174,12.15823574290932
field_matched,P053,D03,WS-BO,30,1,2.4228529415009654,13.615771363522542,100.0,12.15823574290932
field_matched,P053,D03,WS-BO,30,2,2.4229267061945694,13.554104492563368,94.95291279706154,12.15823574290932
field_matched,P053,D03,HGS-only,0,0,2.4509185459113705,15.170701255949258,77.711364611309,12.15823574290932
field_matched,P053,D03,HGS+BO5,5,0,2.4509185459113705,15.170701255949258,77.711364611309,12.15823574290932
field_matched,P053,D03,HGS+BO10,10,0,2.4509185459113705,15.170701255949258,77.711364611309,12.15823574290932
field_matched,P053,D04,CS-BO,30,0,2.9429737896767394,11.288658313477063,100.0,11.65082435973601
field_matched,P053,D04,CS-BO,30,1,2.9430271855015087,11.334427997914714,100.0,11.65082435973601
field_matched,P053,D04,CS-BO,30,2,2.942978001524233,11.289670832805637,100.0,11.65082435973601
field_matched,P053,D04,WS-BO,30,0,2.9437497547617917,11.304045906076798,37.037495265686786,11.65082435973601
field_matched,P053,D04,WS-BO,30,1,2.9430332046424605,11.304538278672055,100.0,11.65082435973601
field_matched,P053,D04,WS-BO,30,2,2.942989369050502,11.260735626946033,100.0,11.65082435973601
field_matched,P053,D04,HGS-only,0,0,3.0079602752732892,13.167166641464002,100.00000000000004,11.65082435973601
field_matched,P053,D04,HGS+BO5,5,0,3.0079602752732892,13.167166641464002,100.00000000000004,11.65082435973601
field_matched,P053,D04,HGS+BO10,10,0,3.0079602752732892,13.167166641464002,100.00000000000004,11.65082435973601
field_matched,P053,D05,CS-BO,30,0,2.316732048338664,14.126756637652347,100.0,12.197406707196343
field_matched,P053,D05,CS-BO,30,1,2.3165876383192257,14.230797418341396,100.0,12.197406707196343
field_matched,P053,D05,CS-BO,30,2,2.3172233812596703,14.457839062586284,89.62557641669075,12.197406707196343
field_matched,P053,D05,WS-BO,30,0,2.316724399886681,14.119336127643168,100.0,12.197406707196343
field_matched,P053,D05,WS-BO,30,1,2.3166111275083447,14.267553115063633,100.0,12.197406707196343
field_matched,P053,D05,WS-BO,30,2,2.3172271428041533,14.0625633720975,48.73411922846495,12.197406707196343
field_matched,P053,D05,HGS-only,0,0,2.352025898458117,16.096718168475455,87.37823689847632,12.197406707196343
field_matched,P053,D05,HGS+BO5,5,0,2.352025898458117,16.096718168475455,87.37823689847632,12.197406707196343
field_matched,P053,D05,HGS+BO10,10,0,2.352025898458117,16.096718168475455,87.37823689847632,12.197406707196343
field_matched,P053,D06,CS-BO,30,0,2.8197202875411196,11.60312810575147,97.54139016305929,12.522470287846431
field_matched,P053,D06,CS-BO,30,1,2.8198307655937103,11.667438155113112,100.0,12.522470287846431
field_matched,P053,D06,CS-BO,30,2,2.8197958192882906,11.573149810512597,94.01630242011917,12.522470287846431
field_matched,P053,D06,WS-BO,30,0,2.819749265761857,11.611504565544744,100.0,12.522470287846431
field_matched,P053,D06,WS-BO,30,1,2.8198118594748087,11.554420301624674,100.0,12.522470287846431
field_matched,P053,D06,WS-BO,30,2,2.8200543857680302,11.46551823524576,100.0,12.522470287846431
field_matched,P053,D06,HGS-only,0,0,2.8605285235789015,13.161330588001984,100.0,12.522470287846431
field_matched,P053,D06,HGS+BO5,5,0,2.8431850547914688,12.755126231443885,46.753335937438216,12.522470287846431
field_matched,P053,D06,HGS+BO10,10,0,2.8431850547914688,12.755126231443885,46.753335937438216,12.522470287846431
field_matched,P053,D07,CS-BO,30,0,2.9701834244228147,10.967209545736996,91.59100269681561,13.236438717440965
field_matched,P053,D07,CS-BO,30,1,2.9701050928075268,10.917667760462678,98.25722857113315,13.236438717440965
field_matched,P053,D07,CS-BO,30,2,2.9700459821706757,10.996476626947032,100.0,13.236438717440965
field_matched,P053,D07,WS-BO,30,0,2.9700988137448268,10.916151872432797,100.0,13.236438717440965
field_matched,P053,D07,WS-BO,30,1,2.9702051311033153,10.95960331901963,84.46291746339982,13.236438717440965
field_matched,P053,D07,WS-BO,30,2,2.970220122616789,10.896850662779885,93.71880363018627,13.236438717440965
field_matched,P053,D07,HGS-only,0,0,2.998454606174546,12.197944722813185,86.51502108342714,13.236438717440965
field_matched,P053,D07,HGS+BO5,5,0,2.998454606174546,12.197944722813185,86.51502108342714,13.236438717440965
field_matched,P053,D07,HGS+BO10,10,0,2.998454606174546,12.197944722813185,86.51502108342714,13.236438717440965
field_matched,P053,D08,CS-BO,30,0,2.5985570152030086,12.651754332812658,100.0,12.253021435243138
field_matched,P053,D08,CS-BO,30,1,2.598484098179198,12.731113420641243,100.0,12.253021435243138
field_matched,P053,D08,CS-BO,30,2,2.5986124528206838,12.80955468301188,96.33974369432185,12.253021435243138
field_matched,P053,D08,WS-BO,30,0,2.5985600749658024,12.702977694090066,100.0,12.253021435243138
field_matched,P053,D08,WS-BO,30,1,2.598493866797641,12.736678520851104,100.0,12.253021435243138
field_matched,P053,D08,WS-BO,30,2,2.5984816144373055,12.734220205105897,100.0,12.253021435243138
field_matched,P053,D08,HGS-only,0,0,2.6796692962066495,15.209151161055383,80.54092330682604,12.253021435243138
field_matched,P053,D08,HGS+BO5,5,0,2.6796692962066495,15.209151161055383,80.54092330682604,12.253021435243138
field_matched,P053,D08,HGS+BO10,10,0,2.6796692962066495,15.209151161055383,80.54092330682604,12.253021435243138
field_matched,P053,D09,CS-BO,30,0,2.6646178179301327,12.362415005313371,100.0,11.784836401443833
field_matched,P053,D09,CS-BO,30,1,2.6645856707800157,12.423638430733217,100.0,11.784836401443833
field_matched,P053,D09,CS-BO,30,2,2.664602429523733,12.458403612069805,96.54411070259236,11.784836401443833
field_matched,P053,D09,WS-BO,30,0,2.664726053332769,12.498087147168325,100.0,11.784836401443833
field_matched,P053,D09,WS-BO,30,1,2.6645878870203137,12.457388369907065,100.0,11.784836401443833
field_matched,P053,D09,WS-BO,30,2,2.6647572562938793,12.306036464964293,93.38520995676096,11.784836401443833
field_matched,P053,D09,HGS-only,0,0,2.688707823262129,13.675549600367715,100.00000000000004,11.784836401443833
field_matched,P053,D09,HGS+BO5,5,0,2.688707823262129,13.675549600367715,100.00000000000004,11.784836401443833
field_matched,P053,D09,HGS+BO10,10,0,2.688707823262129,13.675549600367715,100.00000000000004,11.784836401443833
field_matched,P053,D10,CS-BO,30,0,2.4562147975662034,13.470937046745826,100.0,12.84597417164098
field_matched,P053,D10,CS-BO,30,1,2.456019519088388,13.405084066567936,100.0,12.84597417164098
field_matched,P053,D10,CS-BO,30,2,2.4560174452212205,13.347555617586085,100.0,12.84597417164098
field_matched,P053,D10,WS-BO,30,0,2.456472018574477,13.403258685704209,41.85298809358263,12.84597417164098
field_matched,P053,D10,WS-BO,30,1,2.456019205415059,13.40483891380624,100.0,12.84597417164098
field_matched,P053,D10,WS-BO,30,2,2.456013184214614,13.346337743174375,100.0,12.84597417164098
field_matched,P053,D10,HGS-only,0,0,2.495413634053135,15.170701255949258,77.711364611309,12.84597417164098
field_matched,P053,D10,HGS+BO5,5,0,2.495413634053135,15.170701255949258,77.711364611309,12.84597417164098
field_matched,P053,D10,HGS+BO10,10,0,2.495413634053135,15.170701255949258,77.711364611309,12.84597417164098
field_matched,P158,D01,CS-BO,30,0,2.939365061878814,12.773545274382004,100.0,12.910496369015503
field_matched,P158,D01,CS-BO,30,1,2.93915401986202,13.002972624896483,100.0,12.910496369015503
field_matched,P158,D01,CS-BO,30,2,2.9401556688950397,13.108629992931387,45.30873183548473,12.910496369015503
field_matched,P158,D01,WS-BO,30,0,2.9396134735978645,13.036735087979672,65.07681636453813,12.910496369015503
field_matched,P158,D01,WS-BO,30,1,2.9398384359123795,12.890424018750144,48.00146853024971,12.910496369015503
field_matched,P158,D01,WS-BO,30,2,2.940387976651868,13.16858605237681,51.082257151123585,12.910496369015503
field_matched,P158,D01,HGS-only,0,0,2.9593060722043543,14.408507108139057,100.00000000000004,12.910496369015503
field_matched,P158,D01,HGS+BO5,5,0,2.9593060722043543,14.408507108139057,100.00000000000004,12.910496369015503
field_matched,P158,D01,HGS+BO10,10,0,2.9593060722043543,14.408507108139057,100.00000000000004,12.910496369015503
field_matched,P158,D02,CS-BO,30,0,3.037147630869365,12.286178945257102,98.9192804027084,11.922684530506247
field_matched,P158,D02,CS-BO,30,1,3.0372065062669775,12.267527421272698,100.0,11.922684530506247
field_matched,P158,D02,CS-BO,30,2,3.03737351086803,12.163269028614474,85.14099689029177,11.922684530506247
field_matched,P158,D02,WS-BO,30,0,3.0376851767855353,12.161468241326936,65.94087049790119,11.922684530506247
field_matched,P158,D02,WS-BO,30,1,3.03811558620659,12.277444706426845,42.493797654133836,11.922684530506247
field_matched,P158,D02,WS-BO,30,2,3.0371434704008253,12.220118278111247,93.64278254277265,11.922684530506247
field_matched,P158,D02,HGS-only,0,0,3.058559782252834,13.675549600367715,100.00000000000004,11.922684530506247
field_matched,P158,D02,HGS+BO5,5,0,3.058559782252834,13.675549600367715,100.00000000000004,11.922684530506247
field_matched,P158,D02,HGS+BO10,10,0,3.058559782252834,13.675549600367715,100.00000000000004,11.922684530506247
field_matched,P158,D03,CS-BO,30,0,2.8637895116402396,13.426011158119104,97.21144731420303,22.10873112025487
field_matched,P158,D03,CS-BO,30,1,2.863807190781465,13.495955234382794,100.0,22.10873112025487
field_matched,P158,D03,CS-BO,30,2,2.8640052087609154,13.476167923637123,81.17765487981572,22.10873112025487
field_matched,P158,D03,WS-BO,30,0,2.8640986266366824,13.301509005603585,100.0,22.10873112025487
field_matched,P158,D03,WS-BO,30,1,2.8641891666755663,13.68215036841767,100.0,22.10873112025487
field_matched,P158,D03,WS-BO,30,2,2.864418275273539,13.54260346109995,51.20226312039443,22.10873112025487
field_matched,P158,D03,HGS-only,0,0,2.8679889371562495,14.18151701523184,80.54092330682603,22.10873112025487
field_matched,P158,D03,HGS+BO5,5,0,2.8679889371562495,14.18151701523184,80.54092330682603,22.10873112025487
field_matched,P158,D03,HGS+BO10,10,0,2.8679889371562495,14.18151701523184,80.54092330682603,22.10873112025487
field_matched,P158,D04,CS-BO,30,0,3.1729265423015196,11.4418929553032,42.9991988432749,11.601934805150114
field_matched,P158,D04,CS-BO,30,1,3.1721464861863264,11.440211485371531,80.0968148003364,11.601934805150114
field_matched,P158,D04,CS-BO,30,2,3.1720987249125225,11.363054080284495,99.9393720658644,11.601934805150114
field_matched,P158,D04,WS-BO,30,0,3.1729835424252073,11.687528161528947,69.11723258269248,11.601934805150114
field_matched,P158,D04,WS-BO,30,1,3.172634739353256,11.468236317817869,51.52074708022066,11.601934805150114
field_matched,P158,D04,WS-BO,30,2,3.171983611102305,11.494075107135027,92.21227138671645,11.601934805150114
field_matched,P158,D04,HGS-only,0,0,3.2035552767308806,13.021626084453171,100.00000000000004,11.601934805150114
field_matched,P158,D04,HGS+BO5,5,0,3.1871924838755152,12.537552464598496,99.7420909981501,11.601934805150114
field_matched,P158,D04,HGS+BO10,10,0,3.1871924838755152,12.537552464598496,99.7420909981501,11.601934805150114
field_matched,P158,D05,CS-BO,30,0,2.8037996002563097,14.067177512627145,93.46618198597652,34.99924914369791
field_matched,P158,D05,CS-BO,30,1,2.803823900561337,13.902555849581246,100.0,34.99924914369791
field_matched,P158,D05,CS-BO,30,2,2.804687192749134,13.887884538164338,39.55995625587047,34.99924914369791
field_matched,P158,D05,WS-BO,30,0,2.803723357009567,14.03603830247958,100.0,34.99924914369791
field_matched,P158,D05,WS-BO,30,1,2.8037155934723508,13.960553013340578,100.0,34.99924914369791
field_matched,P158,D05,WS-BO,30,2,2.804766224432278,13.971279107175828,36.0117201427477,34.99924914369791
field_matched,P158,D05,HGS-only,0,0,2.804179976495161,14.203561173379637,100.00000000000004,34.99924914369791
field_matched,P158,D05,HGS+BO5,5,0,2.804179976495161,14.203561173379637,100.00000000000004,34.99924914369791
field_matched,P158,D05,HGS+BO10,10,0,2.804179976495161,14.203561173379637,100.00000000000004,34.99924914369791
field_matched,P158,D06,CS-BO,30,0,3.0505586733645305,11.951172743987385,97.6492125311917,14.287057552689822
field_matched,P158,D06,CS-BO,30,1,3.050565294745425,11.87285814491749,100.0,14.287057552689822
field_matched,P158,D06,CS-BO,30,2,3.0505204634106797,11.86410964307217,100.0,14.287057552689822
field_matched,P158,D06,WS-BO,30,0,3.050569762167632,11.955499072764537,100.0,14.287057552689822
field_matched,P158,D06,WS-BO,30,1,3.0514127482980493,12.069655900677704,54.12196471876895,14.287057552689822
field_matched,P158,D06,WS-BO,30,2,3.0505962025006097,12.01179317288196,99.11962737544246,14.287057552689822
field_matched,P158,D06,HGS-only,0,0,3.071289452497492,13.247600352209695,100.00000000000004,14.287057552689822
field_matched,P158,D06,HGS+BO5,5,0,3.071289452497492,13.247600352209695,100.00000000000004,14.287057552689822
field_matched,P158,D06,HGS+BO10,10,0,3.071289452497492,13.247600352209695,100.00000000000004,14.287057552689822
field_matched,P158,D07,CS-BO,30,0,3.1130637856557164,11.187766283347527,100.0,15.873243703188662
field_matched,P158,D07,CS-BO,30,1,3.1127860762705892,11.28020776236942,90.77770909439012,15.873243703188662
field_matched,P158,D07,CS-BO,30,2,3.1124604540364165,11.363054075844378,99.9393720615215,15.873243703188662
field_matched,P158,D07,WS-BO,30,0,3.1125293363943896,11.440890040876546,100.0,15.873243703188662
field_matched,P158,D07,WS-BO,30,1,3.11334049042331,11.375510750941755,47.14907984296301,15.873243703188662
field_matched,P158,D07,WS-BO,30,2,3.1124610405155733,11.362225062931946,100.0,15.873243703188662
field_matched,P158,D07,HGS-only,0,0,3.1217680399316445,12.197944722813185,86.51502108342714,15.873243703188662
field_matched,P158,D07,HGS+BO5,5,0,3.1217680399316445,12.197944722813185,86.51502108342714,15.873243703188662
field_matched,P158,D07,HGS+BO10,10,0,3.1217680399316445,12.197944722813185,86.51502108342714,15.873243703188662
field_matched,P158,D08,CS-BO,30,0,2.9647742401912014,12.785149481821458,100.0,12.352257416670708
field_matched,P158,D08,CS-BO,30,1,2.964751159219062,12.744935183180269,100.0,12.352257416670708
field_matched,P158,D08,CS-BO,30,2,2.965108874692678,12.908196203657456,96.07222021944503,12.352257416670708
field_matched,P158,D08,WS-BO,30,0,2.9652074623757043,12.68632708854656,56.78933464136178,12.352257416670708
field_matched,P158,D08,WS-BO,30,1,2.9653814562112557,12.677543066473577,51.73121739329173,12.352257416670708
field_matched,P158,D08,WS-BO,30,2,2.966224706456128,13.06307105831695,64.2957349588119,12.352257416670708
field_matched,P158,D08,HGS-only,0,0,2.9911667658673378,14.408507108139057,100.00000000000004,12.352257416670708
field_matched,P158,D08,HGS+BO5,5,0,2.9911667658673378,14.408507108139057,100.00000000000004,12.352257416670708
field_matched,P158,D08,HGS+BO10,10,0,2.9911667658673378,14.408507108139057,100.00000000000004,12.352257416670708
field_matched,P158,D09,CS-BO,30,0,3.005016147052928,12.463194782892788,100.0,12.487284933712237
field_matched,P158,D09,CS-BO,30,1,3.005184791603098,12.35269608508121,100.0,12.487284933712237
field_matched,P158,D09,CS-BO,30,2,3.0054511472854597,12.30193556023072,91.38016497594,12.487284933712237
field_matched,P158,D09,WS-BO,30,0,3.0056561433989013,12.410074364064961,54.67360507871051,12.487284933712237
field_matched,P158,D09,WS-BO,30,1,3.0059879827875737,12.381848142740884,43.19459826876002,12.487284933712237
field_matched,P158,D09,WS-BO,30,2,3.0053306402907434,12.313600588136625,97.68714264584779,12.487284933712237
field_matched,P158,D09,HGS-only,0,0,3.0199043079959265,13.675549600367715,100.00000000000004,12.487284933712237
field_matched,P158,D09,HGS+BO5,5,0,3.0199043079959265,13.675549600367715,100.00000000000004,12.487284933712237
field_matched,P158,D09,HGS+BO10,10,0,3.0199043079959265,13.675549600367715,100.00000000000004,12.487284933712237
field_matched,P158,D10,CS-BO,30,0,2.8845790585059423,13.215709846353612,100.0,15.555830531422027
field_matched,P158,D10,CS-BO,30,1,2.8845900408933187,13.279796687252944,100.0,15.555830531422027
field_matched,P158,D10,CS-BO,30,2,2.8848025998082027,13.41296308391872,88.46726199246922,15.555830531422027
field_matched,P158,D10,WS-BO,30,0,2.884586702476387,13.314022552119285,96.67248083297957,15.555830531422027
field_matched,P158,D10,WS-BO,30,1,2.885405945171259,13.087908308424128,53.97448969513583,15.555830531422027
field_matched,P158,D10,WS-BO,30,2,2.8849261634920635,13.307951882136166,62.26496554834506,15.555830531422027
field_matched,P158,D10,HGS-only,0,0,2.9039048882511818,14.72906393844336,26.84697443560868,15.555830531422027
field_matched,P158,D10,HGS+BO5,5,0,2.8917905941330253,14.18151701523184,80.54092330682603,15.555830531422027
field_matched,P158,D10,HGS+BO10,10,0,2.8917905941330253,14.18151701523184,80.54092330682603,15.555830531422027
field_matched,P186,D01,CS-BO,30,0,4.6521961322970204,16.827162435554403,54.50314577967774,38.96663951498785
field_matched,P186,D01,CS-BO,30,1,4.651474496633065,16.920536126101993,100.0,38.96663951498785
field_matched,P186,D01,CS-BO,30,2,4.651790104153449,17.05416100968565,100.0,38.96663951498785
field_matched,P186,D01,WS-BO,30,0,4.651532834370835,16.928705246292925,99.58100068684789,38.96663951498785
field_matched,P186,D01,WS-BO,30,1,4.6515065935189135,16.92418921881633,98.10423045795993,38.96663951498785
field_matched,P186,D01,WS-BO,30,2,4.651681609587516,16.963685887626742,100.0,38.96663951498785
field_matched,P186,D01,HGS-only,0,0,4.651851327764594,17.050735128986645,100.00000000000004,38.96663951498785
field_matched,P186,D01,HGS+BO5,5,0,4.651851327764594,17.050735128986645,100.00000000000004,38.96663951498785
field_matched,P186,D01,HGS+BO10,10,0,4.651851327764594,17.050735128986645,100.00000000000004,38.96663951498785
field_matched,P186,D02,CS-BO,30,0,4.869806600972656,15.983578818104487,70.22631930615461,17.997480088982993
field_matched,P186,D02,CS-BO,30,1,4.869589299767521,15.988797182498494,100.0,17.997480088982993
field_matched,P186,D02,CS-BO,30,2,4.869941547347997,15.984195172278605,57.590723921466854,17.997480088982993
field_matched,P186,D02,WS-BO,30,0,4.869740014232929,15.95755744390854,100.0,17.997480088982993
field_matched,P186,D02,WS-BO,30,1,4.869609137106613,15.98532221258629,100.0,17.997480088982993
field_matched,P186,D02,WS-BO,30,2,4.869779817309142,15.971244474960336,81.86210000177621,17.997480088982993
field_matched,P186,D02,HGS-only,0,0,4.883451946783105,17.050735128986645,100.00000000000004,17.997480088982993
field_matched,P186,D02,HGS+BO5,5,0,4.883451946783105,17.050735128986645,100.00000000000004,17.997480088982993
field_matched,P186,D02,HGS+BO10,10,0,4.883451946783105,17.050735128986645,100.00000000000004,17.997480088982993
field_matched,P186,D03,CS-BO,30,0,4.483552448889932,17.471914678393418,98.14901918280383,38.9283778464616
field_matched,P186,D03,CS-BO,30,1,4.482863586154514,17.767226219861296,100.0,38.9283778464616
field_matched,P186,D03,CS-BO,30,2,4.482857344132631,17.7690783376291,100.0,38.9283778464616
field_matched,P186,D03,WS-BO,30,0,4.482964727886541,17.62828667673371,97.53042255750563,38.9283778464616
field_matched,P186,D03,WS-BO,30,1,4.4828493568589005,17.599628493976283,100.0,38.9283778464616
field_matched,P186,D03,WS-BO,30,2,4.482946457227504,17.594432491574405,100.0,38.9283778464616
field_matched,P186,D03,HGS-only,0,0,4.484190263048668,17.927972105787738,31.904149324318666,38.9283778464616
field_matched,P186,D03,HGS+BO5,5,0,4.484190263048668,17.927972105787738,31.904149324318666,38.9283778464616
field_matched,P186,D03,HGS+BO10,10,0,4.484190263048668,17.927972105787738,31.904149324318666,38.9283778464616
field_matched,P186,D04,CS-BO,30,0,5.167767711056416,14.879678637527324,100.0,17.12723669605028
field_matched,P186,D04,CS-BO,30,1,5.167691280400941,14.892843876247062,100.0,17.12723669605028
field_matched,P186,D04,CS-BO,30,2,5.167887298461511,14.972773179430533,100.0,17.12723669605028
field_matched,P186,D04,WS-BO,30,0,5.168386108715298,15.111345069411252,100.0,17.12723669605028
field_matched,P186,D04,WS-BO,30,1,5.167797209108927,14.92367550659401,100.0,17.12723669605028
field_matched,P186,D04,WS-BO,30,2,5.16788721265179,14.938025802130975,95.17293582220105,17.12723669605028
field_matched,P186,D04,HGS-only,0,0,5.188966368282016,16.096718168475455,87.37823689847632,17.12723669605028
field_matched,P186,D04,HGS+BO5,5,0,5.179885232876319,15.756440481642406,25.903788203769665,17.12723669605028
field_matched,P186,D04,HGS+BO10,10,0,5.179885232876319,15.756440481642406,25.903788203769665,17.12723669605028
field_matched,P186,D05,CS-BO,30,0,4.347361067333744,18.489092528212844,97.03752647684475,39.56716700512571
field_matched,P186,D05,CS-BO,30,1,4.3472119418641695,18.352993086333054,100.0,39.56716700512571
field_matched,P186,D05,CS-BO,30,2,4.347262068837662,18.321149659742098,100.0,39.56716700512571
field_matched,P186,D05,WS-BO,30,0,4.34741281126329,18.40042351193249,96.04414350617779,39.56716700512571
field_matched,P186,D05,WS-BO,30,1,4.347206357498344,18.33042198820959,100.0,39.56716700512571
field_matched,P186,D05,WS-BO,30,2,4.3472696322254585,18.526085540639983,100.0,39.56716700512571
field_matched,P186,D05,HGS-only,0,0,4.349005338399484,18.77562935470325,42.88329629521348,39.56716700512571
field_matched,P186,D05,HGS+BO5,5,0,4.349005338399484,18.77562935470325,42.88329629521348,39.56716700512571
field_matched,P186,D05,HGS+BO10,10,0,4.349005338399484,18.77562935470325,42.88329629521348,39.56716700512571
field_matched,P186,D06,CS-BO,30,0,4.926706850029982,15.588473483820184,100.0,18.910760083117406
field_matched,P186,D06,CS-BO,30,1,4.926352093777122,15.515964484792203,100.0,18.910760083117406
field_matched,P186,D06,CS-BO,30,2,4.926678577045416,15.507665873502223,60.91427100875911,18.910760083117406
field_matched,P186,D06,WS-BO,30,0,4.92649324649316,15.396046192616751,100.0,18.910760083117406
field_matched,P186,D06,WS-BO,30,1,4.926679263226054,15.582477558880468,100.0,18.910760083117406
field_matched,P186,D06,WS-BO,30,2,4.926821080117963,15.487922605237701,54.72317024873811,18.910760083117406
field_matched,P186,D06,HGS-only,0,0,4.931728206952263,16.096718168475455,87.37823689847632,18.910760083117406
field_matched,P186,D06,HGS+BO5,5,0,4.931728206952263,16.096718168475455,87.37823689847632,18.910760083117406
field_matched,P186,D06,HGS+BO10,10,0,4.931728206952263,16.096718168475455,87.37823689847632,18.910760083117406
field_matched,P186,D07,CS-BO,30,0,5.0756242285782776,14.763013945624468,100.0,19.227325295719382
field_matched,P186,D07,CS-BO,30,1,5.075483676731209,14.71916465235578,100.0,19.227325295719382
field_matched,P186,D07,CS-BO,30,2,5.075983691869778,14.900724504147055,100.0,19.227325295719382
field_matched,P186,D07,WS-BO,30,0,5.075927031794503,14.605123717427052,100.0,19.227325295719382
field_matched,P186,D07,WS-BO,30,1,5.0756105644563645,14.789005611692646,100.0,19.227325295719382
field_matched,P186,D07,WS-BO,30,2,5.075560036459278,14.69968162237636,90.83456406379355,19.227325295719382
field_matched,P186,D07,HGS-only,0,0,5.081042736095171,15.333194503387002,77.711364611309,19.227325295719382
field_matched,P186,D07,HGS+BO5,5,0,5.078486735240688,15.170701255949258,77.711364611309,19.227325295719382
field_matched,P186,D07,HGS+BO10,10,0,5.078486735240688,15.170701255949258,77.711364611309,19.227325295719382
field_matched,P186,D08,CS-BO,30,0,4.730919680263716,16.377126451797558,99.92206939623973,18.782108408249123
field_matched,P186,D08,CS-BO,30,1,4.730155609489228,16.618997039615017,100.0,18.782108408249123
field_matched,P186,D08,CS-BO,30,2,4.730323739198374,16.45914806496448,100.0,18.782108408249123
field_matched,P186,D08,WS-BO,30,0,4.730391944607588,16.47896997461988,100.0,18.782108408249123
field_matched,P186,D08,WS-BO,30,1,4.730140011899717,16.617136571016683,100.0,18.782108408249123
field_matched,P186,D08,WS-BO,30,2,4.731513974468587,16.640975631430614,26.132828958172187,18.782108408249123
field_matched,P186,D08,HGS-only,0,0,4.746502612583321,17.717322877733995,22.77064484789343,18.782108408249123
field_matched,P186,D08,HGS+BO5,5,0,4.746502612583321,17.717322877733995,22.77064484789343,18.782108408249123
field_matched,P186,D08,HGS+BO10,10,0,4.746502612583321,17.717322877733995,22.77064484789343,18.782108408249123
field_matched,P186,D09,CS-BO,30,0,4.777411964211794,16.671380552136636,100.0,20.923885559403484
field_matched,P186,D09,CS-BO,30,1,4.77621646537444,16.423110410704773,100.0,20.923885559403484
field_matched,P186,D09,CS-BO,30,2,4.776956891050306,16.18967701484615,100.0,20.923885559403484
field_matched,P186,D09,WS-BO,30,0,4.776352952547948,16.451155972710108,99.91959805949863,20.923885559403484
field_matched,P186,D09,WS-BO,30,1,4.77622250010266,16.421687231208356,100.0,20.923885559403484
field_matched,P186,D09,WS-BO,30,2,4.777742431458146,16.301384201688847,25.423998334691934,20.923885559403484
field_matched,P186,D09,HGS-only,0,0,4.7815866099551725,17.050735128986645,100.00000000000004,20.923885559403484
field_matched,P186,D09,HGS+BO5,5,0,4.7815866099551725,17.050735128986645,100.00000000000004,20.923885559403484
field_matched,P186,D09,HGS+BO10,10,0,4.7815866099551725,17.050735128986645,100.00000000000004,20.923885559403484
field_matched,P186,D10,CS-BO,30,0,4.537037291395513,17.079286689054992,83.15825046951895,39.42351765884121
field_matched,P186,D10,CS-BO,30,1,4.536085263229723,17.41364525058032,100.0,39.42351765884121
field_matched,P186,D10,CS-BO,30,2,4.536450047760417,17.522194431746865,100.0,39.42351765884121
field_matched,P186,D10,WS-BO,30,0,4.536150500541602,17.288301810335764,98.08618598110003,39.42351765884121
field_matched,P186,D10,WS-BO,30,1,4.536064408881013,17.42061157132954,100.0,39.42351765884121
field_matched,P186,D10,WS-BO,30,2,4.536199108165093,17.304921666962137,100.0,39.42351765884121
field_matched,P186,D10,HGS-only,0,0,4.53878764863269,17.717322877733995,22.77064484789343,39.42351765884121
field_matched,P186,D10,HGS+BO5,5,0,4.53878764863269,17.717322877733995,22.77064484789343,39.42351765884121
field_matched,P186,D10,HGS+BO10,10,0,4.53878764863269,17.717322877733995,22.77064484789343,39.42351765884121
field_matched,P189,D01,CS-BO,30,0,8.91573238789954,8.044281119911162,97.99764175832082,290.1554295057998
field_matched,P189,D01,CS-BO,30,1,8.915580077104563,8.065765423965672,100.0,290.1554295057998
field_matched,P189,D01,CS-BO,30,2,8.915581731783416,8.030136153733375,100.0,290.1554295057998
field_matched,P189,D01,WS-BO,30,0,8.915752041317646,8.086451358860344,100.0,290.1554295057998
field_matched,P189,D01,WS-BO,30,1,8.915589605226815,8.066367915575208,100.0,290.1554295057998
field_matched,P189,D01,WS-BO,30,2,8.915669512326954,8.027859452920527,100.0,290.1554295057998
field_matched,P189,D01,HGS-only,0,0,8.983176233263054,9.292316653536187,100.0,290.1554295057998
field_matched,P189,D01,HGS+BO5,5,0,8.975577857247961,9.173285294948288,43.970522202598815,290.1554295057998
field_matched,P189,D01,HGS+BO10,10,0,8.975577857247961,9.173285294948288,43.970522202598815,290.1554295057998
field_matched,P189,D02,CS-BO,30,0,9.365503721648302,7.663299436024764,100.0,278.22498318922663
field_matched,P189,D02,CS-BO,30,1,9.365749219282707,7.729848277844419,96.06977339822184,278.22498318922663
field_matched,P189,D02,CS-BO,30,2,9.365480696625015,7.667795213844688,100.0,278.22498318922663
field_matched,P189,D02,WS-BO,30,0,9.365915244793905,7.7827523206479094,100.0,278.22498318922663
field_matched,P189,D02,WS-BO,30,1,9.365664323542175,7.748127989742543,100.0,278.22498318922663
field_matched,P189,D02,WS-BO,30,2,9.365783845566574,7.611068745160026,100.0,278.22498318922663
field_matched,P189,D02,HGS-only,0,0,9.576070543974039,10.033128080826916,100.0,278.22498318922663
field_matched,P189,D02,HGS+BO5,5,0,9.52811464594879,9.712132611074798,100.0,278.22498318922663
field_matched,P189,D02,HGS+BO10,10,0,9.52811464594879,9.712132611074798,100.0,278.22498318922663
field_matched,P189,D03,CS-BO,30,0,8.55638963076734,8.31166131255336,100.0,297.4915777206228
field_matched,P189,D03,CS-BO,30,1,8.556459397840914,8.318135220141341,94.92893507273891,297.4915777206228
field_matched,P189,D03,CS-BO,30,2,8.55627596341327,8.335747862967382,99.94400567136844,297.4915777206228
field_matched,P189,D03,WS-BO,30,0,8.556488520668657,8.265138716975008,100.0,297.4915777206228
field_matched,P189,D03,WS-BO,30,1,8.556303711069804,8.287240309361797,100.0,297.4915777206228
field_matched,P189,D03,WS-BO,30,2,8.556371253099668,8.34218540623346,100.0,297.4915777206228
field_matched,P189,D03,HGS-only,0,0,8.566266333347155,8.797274655037981,100.00000000000004,297.4915777206228
field_matched,P189,D03,HGS+BO5,5,0,8.566266333347155,8.797274655037981,100.00000000000004,297.4915777206228
field_matched,P189,D03,HGS+BO10,10,0,8.566266333347155,8.797274655037981,100.00000000000004,297.4915777206228
field_matched,P189,D04,CS-BO,30,0,9.956167229881654,7.408958669887925,94.15470332125446,253.71040914635486
field_matched,P189,D04,CS-BO,30,1,9.955722672957613,7.3855468863287355,100.0,253.71040914635486
field_matched,P189,D04,CS-BO,30,2,9.955642300988965,7.354985429383085,100.0,253.71040914635486
field_matched,P189,D04,WS-BO,30,0,9.955732043551492,7.350842888359735,100.0,253.71040914635486
field_matched,P189,D04,WS-BO,30,1,9.955816038712001,7.366370239616435,98.06596899474587,253.71040914635486
field_matched,P189,D04,WS-BO,30,2,9.955647259983833,7.354573345842144,99.71244864306772,253.71040914635486
field_matched,P189,D04,HGS-only,0,0,10.444291207371345,10.968480564464238,100.00000000000004,253.71040914635486
field_matched,P189,D04,HGS+BO5,5,0,10.444291207371345,10.968480564464238,100.00000000000004,253.71040914635486
field_matched,P189,D04,HGS+BO10,10,0,10.444291207371345,10.968480564464238,100.00000000000004,253.71040914635486
field_matched,P189,D05,CS-BO,30,0,8.258624216890793,8.570534488100774,98.21834413347776,302.0690639358741
field_matched,P189,D05,CS-BO,30,1,8.258764614286678,8.62516067795883,100.0,302.0690639358741
field_matched,P189,D05,CS-BO,30,2,8.258591614147596,8.603477849851528,99.92956438400452,302.0690639358741
field_matched,P189,D05,WS-BO,30,0,8.258648087595816,8.503465750336181,100.0,302.0690639358741
field_matched,P189,D05,WS-BO,30,1,8.258574931502764,8.568445739378646,99.28308676484126,302.0690639358741
field_matched,P189,D05,WS-BO,30,2,8.258639680530548,8.577339302717485,100.0,302.0690639358741
field_matched,P189,D05,HGS-only,0,0,8.262292100095907,8.372035933892068,53.90414441819286,302.0690639358741
field_matched,P189,D05,HGS+BO5,5,0,8.262292100095907,8.372035933892068,53.90414441819286,302.0690639358741
field_matched,P189,D05,HGS+BO10,10,0,8.262292100095907,8.372035933892068,53.90414441819286,302.0690639358741
field_matched,P189,D06,CS-BO,30,0,9.462279971028325,7.890376703360711,100.0,279.54235805819405
field_matched,P189,D06,CS-BO,30,1,9.462274986686253,7.889504041064634,100.0,279.54235805819405
field_matched,P189,D06,CS-BO,30,2,9.462250412512025,7.914827140490048,100.0,279.54235805819405
field_matched,P189,D06,WS-BO,30,0,9.46230930071659,7.861178583966544,100.0,279.54235805819405
field_matched,P189,D06,WS-BO,30,1,9.46222466614588,7.905127935238234,100.0,279.54235805819405
field_matched,P189,D06,WS-BO,30,2,9.462242831842858,7.871508808740965,99.76483656429575,279.54235805819405
field_matched,P189,D06,HGS-only,0,0,10.044616270538706,12.755126231443885,46.753335937438216,279.54235805819405
field_matched,P189,D06,HGS+BO5,5,0,10.035955076978524,12.704703688252861,46.05076025849351,279.54235805819405
field_matched,P189,D06,HGS+BO10,10,0,10.035955076978524,12.704703688252861,46.05076025849351,279.54235805819405
field_matched,P189,D07,CS-BO,30,0,9.676848036185516,7.79520723014999,100.0,278.42130879350754
field_matched,P189,D07,CS-BO,30,1,9.676744911502949,7.807164449597104,95.95310877136342,278.42130879350754
field_matched,P189,D07,CS-BO,30,2,9.682891052286218,7.701091062154379,46.64470105198885,278.42130879350754
field_matched,P189,D07,WS-BO,30,0,9.67660724578785,7.807524487304057,99.83831156164398,278.42130879350754
field_matched,P189,D07,WS-BO,30,1,9.691496982656233,7.615926302705284,25.446215809195436,278.42130879350754
field_matched,P189,D07,WS-BO,30,2,9.69845954368714,7.9924236261888595,100.0,278.42130879350754
field_matched,P189,D07,HGS-only,0,0,11.63255860826064,22.097945887133186,48.263888164662475,278.42130879350754
field_matched,P189,D07,HGS+BO5,5,0,11.579492532325817,21.793509338583576,68.26277871281695,278.42130879350754
field_matched,P189,D07,HGS+BO10,10,0,10.221620378427227,13.479607965287054,100.0,278.42130879350754
field_matched,P189,D08,CS-BO,30,0,9.061667899777992,7.893989322779468,100.0,284.7023804901336
field_matched,P189,D08,CS-BO,30,1,9.061811317234856,8.001795542277266,97.5181313615511,284.7023804901336
field_matched,P189,D08,CS-BO,30,2,9.061500299536872,7.936692990456564,100.0,284.7023804901336
field_matched,P189,D08,WS-BO,30,0,9.062683574800046,7.812541184369943,100.0,284.7023804901336
field_matched,P189,D08,WS-BO,30,1,9.061811248295667,8.012477291753191,100.0,284.7023804901336
field_matched,P189,D08,WS-BO,30,2,9.061866922564159,8.026430376966767,100.0,284.7023804901336
field_matched,P189,D08,HGS-only,0,0,9.475658320826188,11.580887938253484,91.01754926902342,284.7023804901336
field_matched,P189,D08,HGS+BO5,5,0,9.475658320826188,11.580887938253484,91.01754926902342,284.7023804901336
field_matched,P189,D08,HGS+BO10,10,0,9.475658320826188,11.580887938253484,91.01754926902342,284.7023804901336
field_matched,P189,D09,CS-BO,30,0,9.19507907873981,7.796023529500623,97.5452601307518,287.71459695156534
field_matched,P189,D09,CS-BO,30,1,9.194927098387083,7.742946924023025,98.86374004763908,287.71459695156534
field_matched,P189,D09,CS-BO,30,2,9.194775328922143,7.777831154673446,100.0,287.71459695156534
field_matched,P189,D09,WS-BO,30,0,9.194874173805822,7.761136576286746,100.0,287.71459695156534
field_matched,P189,D09,WS-BO,30,1,9.195050262174158,7.800841659096635,100.0,287.71459695156534
field_matched,P189,D09,WS-BO,30,2,9.195069023874778,7.802977928028724,100.0,287.71459695156534
field_matched,P189,D09,HGS-only,0,0,9.205258971442966,8.192947623928376,100.00000000000004,287.71459695156534
field_matched,P189,D09,HGS+BO5,5,0,9.205258971442966,8.192947623928376,100.00000000000004,287.71459695156534
field_matched,P189,D09,HGS+BO10,10,0,9.205258971442966,8.192947623928376,100.00000000000004,287.71459695156534
field_matched,P189,D10,CS-BO,30,0,8.631829271459457,8.183146608996596,100.0,275.7002068624053
field_matched,P189,D10,CS-BO,30,1,8.631827670605592,8.234321276512947,100.0,275.7002068624053
field_matched,P189,D10,CS-BO,30,2,8.63181972548771,8.223649641607242,99.26843489444454,275.7002068624053
field_matched,P189,D10,WS-BO,30,0,8.631995832754356,8.277060078980867,100.0,275.7002068624053
field_matched,P189,D10,WS-BO,30,1,8.631798492690718,8.22033817967114,100.0,275.7002068624053
field_matched,P189,D10,WS-BO,30,2,8.631793963901941,8.216160233751587,100.0,275.7002068624053
field_matched,P189,D10,HGS-only,0,0,8.716476405536103,9.712132611074798,100.00000000000004,275.7002068624053
field_matched,P189,D10,HGS+BO5,5,0,8.716476405536103,9.712132611074798,100.00000000000004,275.7002068624053
field_matched,P189,D10,HGS+BO10,10,0,8.716476405536103,9.712132611074798,100.00000000000004,275.7002068624053
logging_only,P001,D01,CS-BO,30,0,1.8730622300631135,1.934457577916899,99.66611120085513,22.119506548944116
logging_only,P001,D01,CS-BO,30,1,1.871402019861232,1.8896870235686525,100.0,22.119506548944116
logging_only,P001,D01,CS-BO,30,2,1.8713479051382134,1.877582172257711,100.0,22.119506548944116
logging_only,P001,D01,WS-BO,30,0,1.8726480152292502,1.9263324618884778,100.0,22.119506548944116
logging_only,P001,D01,WS-BO,30,1,1.871411036182956,1.8819888096957256,100.0,22.119506548944116
logging_only,P001,D01,WS-BO,30,2,1.871490826219216,1.8958012707096936,100.0,22.119506548944116
logging_only,P001,D01,HGS-only,0,0,1.9889512670207457,2.4322639014064316,100.00000000000004,22.119506548944116
logging_only,P001,D01,HGS+BO5,5,0,1.9889512670207457,2.4322639014064316,100.00000000000004,22.119506548944116
logging_only,P001,D01,HGS+BO10,10,0,1.9889512670207457,2.4322639014064316,100.00000000000004,22.119506548944116
logging_only,P001,D02,CS-BO,30,0,1.930335370786635,1.853667776581387,100.0,21.41757473435039
logging_only,P001,D02,CS-BO,30,1,1.9291793380923918,1.8152316292280999,100.0,21.41757473435039
logging_only,P001,D02,CS-BO,30,2,1.9293731241689351,1.8235900059726433,100.0,21.41757473435039
logging_only,P001,D02,WS-BO,30,0,1.9294381643974283,1.8301044106791473,100.0,21.41757473435039
logging_only,P001,D02,WS-BO,30,1,1.9292846666826922,1.8194297563216781,100.0,21.41757473435039
logging_only,P001,D02,WS-BO,30,2,1.929337452284646,1.8170868128021203,100.0,21.41757473435039
logging_only,P001,D02,HGS-only,0,0,2.0899998442936267,2.4322639014064316,100.00000000000004,21.41757473435039
logging_only,P001,D02,HGS+BO5,5,0,2.0502664296838877,2.341845486412825,100.0,21.41757473435039
logging_only,P001,D02,HGS+BO10,10,0,2.0101434313330455,1.8211657510822983,12.107730117935624,21.41757473435039
logging_only,P001,D03,CS-BO,30,0,1.8258107732028013,1.9716982850262674,100.0,22.551054001068824
logging_only,P001,D03,CS-BO,30,1,1.8249418751552184,1.9333568277422915,100.0,22.551054001068824
logging_only,P001,D03,CS-BO,30,2,1.8251007990263424,1.936361434056092,99.95360265293317,22.551054001068824
logging_only,P001,D03,WS-BO,30,0,1.8269435952576147,2.002639690848123,100.0,22.551054001068824
logging_only,P001,D03,WS-BO,30,1,1.825034380056978,1.9289720265224217,100.0,22.551054001068824
logging_only,P001,D03,WS-BO,30,2,1.825019239847756,1.9443602996846963,100.0,22.551054001068824
logging_only,P001,D03,HGS-only,0,0,1.9157156482237832,2.442831059287618,100.00000000000004,22.551054001068824
logging_only,P001,D03,HGS+BO5,5,0,1.9157156482237832,2.442831059287618,100.00000000000004,22.551054001068824
logging_only,P001,D03,HGS+BO10,10,0,1.9157156482237832,2.442831059287618,100.00000000000004,22.551054001068824
logging_only,P001,D04,CS-BO,30,0,2.005817561739653,1.783485680353023,100.0,20.337126494026744
logging_only,P001,D04,CS-BO,30,1,2.004696286985118,1.7399138087980013,100.0,20.337126494026744
logging_only,P001,D04,CS-BO,30,2,2.004631021061757,1.7517752935613846,100.0,20.337126494026744
logging_only,P001,D04,WS-BO,30,0,2.004739914901331,1.7496903033975375,100.0,20.337126494026744
logging_only,P001,D04,WS-BO,30,1,2.0045725984409084,1.7367399650538229,100.0,20.337126494026744
logging_only,P001,D04,WS-BO,30,2,2.0047251214477235,1.7309158975696792,100.0,20.337126494026744
logging_only,P001,D04,HGS-only,0,0,2.18146492220934,2.341845486412825,100.00000000000004,20.337126494026744
logging_only,P001,D04,HGS+BO5,5,0,2.18146492220934,2.341845486412825,100.00000000000004,20.337126494026744
logging_only,P001,D04,HGS+BO10,10,0,2.0943820131373467,1.8586430114029904,11.916342631237624,20.337126494026744
logging_only,P001,D05,CS-BO,30,0,1.7874037285941022,2.030146043086305,100.0,22.78990485975994
logging_only,P001,D05,CS-BO,30,1,1.786629675828907,1.9731768738291104,100.0,22.78990485975994
logging_only,P001,D05,CS-BO,30,2,1.7865411186602558,1.9882556837621794,100.0,22.78990485975994
logging_only,P001,D05,WS-BO,30,0,1.7865905172021104,1.9740572093546236,100.0,22.78990485975994
logging_only,P001,D05,WS-BO,30,1,1.7866248021469957,1.9827157872221344,100.0,22.78990485975994
logging_only,P001,D05,WS-BO,30,2,1.7868179700566618,1.9821343175457373,100.0,22.78990485975994
logging_only,P001,D05,HGS-only,0,0,1.8549687327484417,2.442831059287618,100.00000000000004,22.78990485975994
logging_only,P001,D05,HGS+BO5,5,0,1.8549687327484417,2.442831059287618,100.00000000000004,22.78990485975994
logging_only,P001,D05,HGS+BO10,10,0,1.8549687327484417,2.442831059287618,100.00000000000004,22.78990485975994
logging_only,P001,D06,CS-BO,30,0,1.9618406556447547,1.8462116659562384,100.0,21.617903649007914
logging_only,P001,D06,CS-BO,30,1,1.9614219965965778,1.8426669480164666,100.0,21.617903649007914
logging_only,P001,D06,CS-BO,30,2,1.9592080203253324,1.7981090303723148,100.0,21.617903649007914
logging_only,P001,D06,WS-BO,30,0,1.9590075553564443,1.773841237772601,100.0,21.617903649007914
logging_only,P001,D06,WS-BO,30,1,1.9628644682466838,1.8594005439898866,100.0,21.617903649007914
logging_only,P001,D06,WS-BO,30,2,1.958979286939949,1.7596696858089074,100.0,21.617903649007914
logging_only,P001,D06,HGS-only,0,0,2.07138216010803,2.2547883389877694,100.00000000000004,21.617903649007914
logging_only,P001,D06,HGS+BO5,5,0,2.07138216010803,2.2547883389877694,100.00000000000004,21.617903649007914
logging_only,P001,D06,HGS+BO10,10,0,2.07138216010803,2.2547883389877694,100.00000000000004,21.617903649007914
logging_only,P001,D07,CS-BO,30,0,2.011747616803094,1.7185949826023879,100.0,22.368669096922076
logging_only,P001,D07,CS-BO,30,1,2.0167143137041985,1.8052531244160963,100.0,22.368669096922076
logging_only,P001,D07,CS-BO,30,2,2.012272800161832,1.7490571806178092,100.0,22.368669096922076
logging_only,P001,D07,WS-BO,30,0,2.012530513220804,1.686844244707077,100.0,22.368669096922076
logging_only,P001,D07,WS-BO,30,1,2.011979459583512,1.7269636094947245,100.0,22.368669096922076
logging_only,P001,D07,WS-BO,30,2,2.0155901650746566,1.6715285927340386,82.71596241279504,22.368669096922076
logging_only,P001,D07,HGS-only,0,0,2.1165901511493566,2.1482922545822576,100.00000000000004,22.368669096922076
logging_only,P001,D07,HGS+BO5,5,0,2.1165901511493566,2.1482922545822576,100.00000000000004,22.368669096922076
logging_only,P001,D07,HGS+BO10,10,0,2.1165901511493566,2.1482922545822576,100.00000000000004,22.368669096922076
logging_only,P001,D08,CS-BO,30,0,1.8320400451076828,1.9406454171383036,100.0,22.5138484981517
logging_only,P001,D08,CS-BO,30,1,1.8317083355027624,1.9230472106282064,100.0,22.5138484981517
logging_only,P001,D08,CS-BO,30,2,1.8317681371176504,1.9285453205074057,100.0,22.5138484981517
logging_only,P001,D08,WS-BO,30,0,1.8330284800416186,1.9732019793196194,100.0,22.5138484981517
logging_only,P001,D08,WS-BO,30,1,1.8317999017072113,1.9312913009858792,100.0,22.5138484981517
logging_only,P001,D08,WS-BO,30,2,1.832091078542117,1.9398439218504295,100.0,22.5138484981517
logging_only,P001,D08,HGS-only,0,0,1.974049681944813,2.5694382057945226,92.81896205864804,22.5138484981517
logging_only,P001,D08,HGS+BO5,5,0,1.974049681944813,2.5694382057945226,92.81896205864804,22.5138484981517
logging_only,P001,D08,HGS+BO10,10,0,1.974049681944813,2.5694382057945226,92.81896205864804,22.5138484981517
logging_only,P001,D09,CS-BO,30,0,1.977345740035572,1.7936813835268888,100.0,21.04783818457452
logging_only,P001,D09,CS-BO,30,1,1.9770226021065147,1.754877418979694,100.0,21.04783818457452
logging_only,P001,D09,CS-BO,30,2,1.9770731827946875,1.7704235651163196,100.0,21.04783818457452
logging_only,P001,D09,WS-BO,30,0,1.9769236445638056,1.7748218563638147,100.0,21.04783818457452
logging_only,P001,D09,WS-BO,30,1,1.9768560657801473,1.7631773309439869,100.0,21.04783818457452
logging_only,P001,D09,WS-BO,30,2,1.9769441357944477,1.7663893695717576,100.0,21.04783818457452
logging_only,P001,D09,HGS-only,0,0,2.092086465364435,2.2547883389877694,100.00000000000004,21.04783818457452
logging_only,P001,D09,HGS+BO5,5,0,2.092086465364435,2.2547883389877694,100.00000000000004,21.04783818457452
logging_only,P001,D09,HGS+BO10,10,0,2.092086465364435,2.2547883389877694,100.00000000000004,21.04783818457452
logging_only,P001,D10,CS-BO,30,0,1.8179154044567105,1.9816183634026514,100.0,23.737115579874665
logging_only,P001,D10,CS-BO,30,1,1.8173457597211522,1.9296526999650225,100.0,23.737115579874665
logging_only,P001,D10,CS-BO,30,2,1.81749451568214,1.9472316369716676,98.45854703754092,23.737115579874665
logging_only,P001,D10,WS-BO,30,0,1.8175557329542067,1.954810200525476,100.0,23.737115579874665
logging_only,P001,D10,WS-BO,30,1,1.8173338432270247,1.9425293777589976,100.0,23.737115579874665
logging_only,P001,D10,WS-BO,30,2,1.8173685206478656,1.941677291442268,100.0,23.737115579874665
logging_only,P001,D10,HGS-only,0,0,1.9473555413002452,2.5694382057945226,92.81896205864804,23.737115579874665
logging_only,P001,D10,HGS+BO5,5,0,1.9132368625341587,2.473920392181609,100.0,23.737115579874665
logging_only,P001,D10,HGS+BO10,10,0,1.9132368625341587,2.473920392181609,100.0,23.737115579874665
logging_only,P049,D01,CS-BO,30,0,1.9870972366498996,2.869066096905873,100.0,35.66506961005909
logging_only,P049,D01,CS-BO,30,1,1.987097305599069,2.8428962947706955,100.0,35.66506961005909
logging_only,P049,D01,CS-BO,30,2,1.9872797690687605,2.84762279044617,100.0,35.66506961005909
logging_only,P049,D01,WS-BO,30,0,1.9870510366091065,2.908720125842184,100.0,35.66506961005909
logging_only,P049,D01,WS-BO,30,1,1.987000843032395,2.8814365360861176,100.0,35.66506961005909
logging_only,P049,D01,WS-BO,30,2,1.9868924154159004,2.864316847312572,100.0,35.66506961005909
logging_only,P049,D01,HGS-only,0,0,1.9870476848457435,2.8833685781039966,98.93064337145105,35.66506961005909
logging_only,P049,D01,HGS+BO5,5,0,1.9870476848457435,2.8833685781039966,98.93064337145105,35.66506961005909
logging_only,P049,D01,HGS+BO10,10,0,1.9870476848457435,2.8833685781039966,98.93064337145105,35.66506961005909
logging_only,P049,D02,CS-BO,30,0,2.054354675885141,2.7541141438177914,100.0,33.855860450592004
logging_only,P049,D02,CS-BO,30,1,2.054656902924793,2.7111581250064463,100.0,33.855860450592004
logging_only,P049,D02,CS-BO,30,2,2.0544245597013697,2.7627314173297406,100.0,33.855860450592004
logging_only,P049,D02,WS-BO,30,0,2.054350581667962,2.7423285603458636,99.7285718922423,33.855860450592004
logging_only,P049,D02,WS-BO,30,1,2.0543877434716458,2.755940867644725,100.0,33.855860450592004
logging_only,P049,D02,WS-BO,30,2,2.0545001100270497,2.761411790508954,100.0,33.855860450592004
logging_only,P049,D02,HGS-only,0,0,2.054492261920234,2.7761805313941887,100.00000000000004,33.855860450592004
logging_only,P049,D02,HGS+BO5,5,0,2.054492261920234,2.7761805313941887,100.00000000000004,33.855860450592004
logging_only,P049,D02,HGS+BO10,10,0,2.054492261920234,2.7761805313941887,100.00000000000004,33.855860450592004
logging_only,P049,D03,CS-BO,30,0,1.9345458030549745,2.9740878784315044,100.0,37.197740861051805
logging_only,P049,D03,CS-BO,30,1,1.9344757804903474,2.9856019951504527,100.0,37.197740861051805
logging_only,P049,D03,CS-BO,30,2,1.9345766931338269,2.996014705766962,100.0,37.197740861051805
logging_only,P049,D03,WS-BO,30,0,1.9345513634736047,3.0172200299179393,100.0,37.197740861051805
logging_only,P049,D03,WS-BO,30,1,1.9344239858378538,3.002973552172524,100.0,37.197740861051805
logging_only,P049,D03,WS-BO,30,2,1.9344622185754565,3.005135250017907,100.0,37.197740861051805
logging_only,P049,D03,HGS-only,0,0,1.935087271060139,2.9198232077462025,100.00000000000004,37.197740861051805
logging_only,P049,D03,HGS+BO5,5,0,1.9349069939096613,3.032557283515803,100.0,37.197740861051805
logging_only,P049,D03,HGS+BO10,10,0,1.9349069939096613,3.032557283515803,100.0,37.197740861051805
logging_only,P049,D04,CS-BO,30,0,2.1462657731868817,2.6187715731868964,100.0,31.689435573609316
logging_only,P049,D04,CS-BO,30,1,2.1461960014986174,2.5930992969801694,99.04372323453234,31.689435573609316
logging_only,P049,D04,CS-BO,30,2,2.146017840882978,2.600031668913407,100.0,31.689435573609316
logging_only,P049,D04,WS-BO,30,0,2.1460306374337432,2.580416731063947,100.0,31.689435573609316
logging_only,P049,D04,WS-BO,30,1,2.146106459647324,2.5745688283662744,100.0,31.689435573609316
logging_only,P049,D04,WS-BO,30,2,2.1460474182382825,2.6120467586586655,100.0,31.689435573609316
logging_only,P049,D04,HGS-only,0,0,2.146566531153108,2.5694382057945226,92.81896205864804,31.689435573609316
logging_only,P049,D04,HGS+BO5,5,0,2.146566531153108,2.5694382057945226,92.81896205864804,31.689435573609316
logging_only,P049,D04,HGS+BO10,10,0,2.146566531153108,2.5694382057945226,92.81896205864804,31.689435573609316
logging_only,P049,D05,CS-BO,30,0,1.89228108942019,3.0991642840490203,100.0,38.503019467663464
logging_only,P049,D05,CS-BO,30,1,1.8920787106022843,3.087350194461145,99.02154125734495,38.503019467663464
logging_only,P049,D05,CS-BO,30,2,1.893221115635436,3.1227977014820913,72.0733034273632,38.503019467663464
logging_only,P049,D05,WS-BO,30,0,1.8922669301534518,3.1197080722355337,100.0,38.503019467663464
logging_only,P049,D05,WS-BO,30,1,1.8920619933385228,3.07255069478805,100.0,38.503019467663464
logging_only,P049,D05,WS-BO,30,2,1.8923788545021267,3.122406753352007,100.0,38.503019467663464
logging_only,P049,D05,HGS-only,0,0,1.8923160177609324,3.0993777675211462,100.00000000000004,38.503019467663464
logging_only,P049,D05,HGS+BO5,5,0,1.8923160177609324,3.0993777675211462,100.00000000000004,38.503019467663464
logging_only,P049,D05,HGS+BO10,10,0,1.8923160177609324,3.0993777675211462,100.00000000000004,38.503019467663464
logging_only,P049,D06,CS-BO,30,0,2.0758752407779064,2.6681174044871745,100.0,34.27538590053806
logging_only,P049,D06,CS-BO,30,1,2.076087564939905,2.6706795777188166,100.0,34.27538590053806
logging_only,P049,D06,CS-BO,30,2,2.0757673864250052,2.6856488165958172,100.0,34.27538590053806
logging_only,P049,D06,WS-BO,30,0,2.075832263869062,2.6613197977665437,100.0,34.27538590053806
logging_only,P049,D06,WS-BO,30,1,2.0761819411658697,2.6544895102532835,100.0,34.27538590053806
logging_only,P049,D06,WS-BO,30,2,2.075804419430097,2.684176220612723,100.0,34.27538590053806
logging_only,P049,D06,HGS-only,0,0,2.075997637582032,2.6686439524331815,100.00000000000004,34.27538590053806
logging_only,P049,D06,HGS+BO5,5,0,2.075997637582032,2.6686439524331815,100.00000000000004,34.27538590053806
logging_only,P049,D06,HGS+BO10,10,0,2.075997637582032,2.6686439524331815,100.00000000000004,34.27538590053806
logging_only,P049,D07,CS-BO,30,0,2.1261739972879674,2.5546578098086927,100.0,35.01847349635282
logging_only,P049,D07,CS-BO,30,1,2.127817930111223,2.680738700224374,100.0,35.01847349635282
logging_only,P049,D07,CS-BO,30,2,2.1261151061253623,2.5816631402036005,95.03845066594607,35.01847349635282
logging_only,P049,D07,WS-BO,30,0,2.126041033277676,2.5650191681536554,100.0,35.01847349635282
logging_only,P049,D07,WS-BO,30,1,2.126520675282762,2.5513195592787796,100.0,35.01847349635282
logging_only,P049,D07,WS-BO,30,2,2.129356087624185,2.532368070311927,55.27641675098856,35.01847349635282
logging_only,P049,D07,HGS-only,0,0,2.1309913921588763,2.442831059287618,100.00000000000004,35.01847349635282
logging_only,P049,D07,HGS+BO5,5,0,2.1273201817289777,2.537148516933499,86.62964225734787,35.01847349635282
logging_only,P049,D07,HGS+BO10,10,0,2.1273201817289777,2.537148516933499,86.62964225734787,35.01847349635282
logging_only,P049,D08,CS-BO,30,0,1.9965376188493615,2.8434018817324738,100.0,35.65582658471872
logging_only,P049,D08,CS-BO,30,1,1.9965074392558502,2.8505236582897324,99.68454514120165,35.65582658471872
logging_only,P049,D08,CS-BO,30,2,1.9968705933253923,2.905437155411074,100.0,35.65582658471872
logging_only,P049,D08,WS-BO,30,0,1.9966127163537164,2.8565041509803892,100.0,35.65582658471872
logging_only,P049,D08,WS-BO,30,1,1.996567862498849,2.868870449834277,100.0,35.65582658471872
logging_only,P049,D08,WS-BO,30,2,1.9966309918766452,2.827296385053265,100.0,35.65582658471872
logging_only,P049,D08,HGS-only,0,0,1.9966565235254592,2.8833685781039966,98.93064337145105,35.65582658471872
logging_only,P049,D08,HGS+BO5,5,0,1.9966565235254592,2.8833685781039966,98.93064337145105,35.65582658471872
logging_only,P049,D08,HGS+BO10,10,0,1.9966565235254592,2.8833685781039966,98.93064337145105,35.65582658471872
logging_only,P049,D09,CS-BO,30,0,2.0426379378101345,2.7838058107380066,99.73814067944511,33.87454932145655
logging_only,P049,D09,CS-BO,30,1,2.042719673797143,2.753378648985475,99.69133494768643,33.87454932145655
logging_only,P049,D09,CS-BO,30,2,2.04321157339859,2.835696446630544,100.0,33.87454932145655
logging_only,P049,D09,WS-BO,30,0,2.042330636483331,2.7739554740583308,100.0,33.87454932145655
logging_only,P049,D09,WS-BO,30,1,2.0423976930790597,2.779361840832969,100.0,33.87454932145655
logging_only,P049,D09,WS-BO,30,2,2.0425135734102504,2.783261441209991,100.0,33.87454932145655
logging_only,P049,D09,HGS-only,0,0,2.0424888782007384,2.7505908827318075,100.0,33.87454932145655
logging_only,P049,D09,HGS+BO5,5,0,2.0424888782007384,2.7505908827318075,100.0,33.87454932145655
logging_only,P049,D09,HGS+BO10,10,0,2.0424888782007384,2.7505908827318075,100.0,33.87454932145655
logging_only,P049,D10,CS-BO,30,0,1.9484871319657149,2.947863166690605,100.0,38.12368585597335
logging_only,P049,D10,CS-BO,30,1,1.948543747973327,2.9384347833115294,100.0,38.12368585597335
logging_only,P049,D10,CS-BO,30,2,1.94869066626778,2.9392377090378696,100.0,38.12368585597335
logging_only,P049,D10,WS-BO,30,0,1.948563255431433,2.9636627788834238,100.0,38.12368585597335
logging_only,P049,D10,WS-BO,30,1,1.9485098138873962,2.942150083787629,100.0,38.12368585597335
logging_only,P049,D10,WS-BO,30,2,1.9485352199001307,2.9558361003309828,100.0,38.12368585597335
logging_only,P049,D10,HGS-only,0,0,1.9487462053504208,2.9198232077462025,100.00000000000004,38.12368585597335
logging_only,P049,D10,HGS+BO5,5,0,1.9487462053504208,2.9198232077462025,100.00000000000004,38.12368585597335
logging_only,P049,D10,HGS+BO10,10,0,1.9487462053504208,2.9198232077462025,100.00000000000004,38.12368585597335
logging_only,P053,D01,CS-BO,30,0,2.5533875805040314,12.949308297096396,100.0,57.00655004452317
logging_only,P053,D01,CS-BO,30,1,2.5533296602907827,12.971150407685254,100.0,57.00655004452317
logging_only,P053,D01,CS-BO,30,2,2.5533670303647864,12.933555716086781,100.0,57.00655004452317
logging_only,P053,D01,WS-BO,30,0,2.5538217428048986,12.99293003565339,46.82741576342508,57.00655004452317
logging_only,P053,D01,WS-BO,30,1,2.5533263229090397,12.96014645554117,100.0,57.00655004452317
logging_only,P053,D01,WS-BO,30,2,2.553491496006854,12.868322345934839,86.20556370262668,57.00655004452317
logging_only,P053,D01,HGS-only,0,0,2.5816098296930163,11.580887938253484,91.01754926902342,57.00655004452317
logging_only,P053,D01,HGS+BO5,5,0,2.5816098296930163,11.580887938253484,91.01754926902342,57.00655004452317
logging_only,P053,D01,HGS+BO10,10,0,2.5816098296930163,11.580887938253484,91.01754926902342,57.00655004452317
logging_only,P053,D02,CS-BO,30,0,2.719658507928554,12.189110304830022,93.38215826552027,55.373850141649406
logging_only,P053,D02,CS-BO,30,1,2.719544718336823,12.169753056181195,100.0,55.373850141649406
logging_only,P053,D02,CS-BO,30,2,2.7196119570825554,12.20182599019306,99.15075449441174,55.373850141649406
logging_only,P053,D02,WS-BO,30,0,2.719724086469977,12.091785845131398,97.8896847543324,55.373850141649406
logging_only,P053,D02,WS-BO,30,1,2.719555471367817,12.172747377391586,100.0,55.373850141649406
logging_only,P053,D02,WS-BO,30,2,2.7201525266782216,12.16005158305377,41.69061278742558,55.373850141649406
logging_only,P053,D02,HGS-only,0,0,2.7584871270558384,10.731303421543412,39.77823297654653,55.373850141649406
logging_only,P053,D02,HGS+BO5,5,0,2.7520655634525255,10.85018104368083,47.913134589025795,55.373850141649406
logging_only,P053,D02,HGS+BO10,10,0,2.7520655634525255,10.85018104368083,47.913134589025795,55.373850141649406
logging_only,P053,D03,CS-BO,30,0,2.422929947474578,13.518097311825159,100.0,58.200631539914006
logging_only,P053,D03,CS-BO,30,1,2.4228925564695523,13.645985826286461,100.0,58.200631539914006
logging_only,P053,D03,CS-BO,30,2,2.4233196546290565,13.810673942163545,98.33513714657958,58.200631539914006
logging_only,P053,D03,WS-BO,30,0,2.423315508798637,13.636228147928959,41.25411769093174,58.200631539914006
logging_only,P053,D03,WS-BO,30,1,2.4228529415009654,13.615771363522542,100.0,58.200631539914006
logging_only,P053,D03,WS-BO,30,2,2.4229267061945694,13.554104492563368,94.95291279706154,58.200631539914006
logging_only,P053,D03,HGS-only,0,0,2.4495892269024786,12.197944722813185,86.51502108342714,58.200631539914006
logging_only,P053,D03,HGS+BO5,5,0,2.4495892269024786,12.197944722813185,86.51502108342714,58.200631539914006
logging_only,P053,D03,HGS+BO10,10,0,2.4495892269024786,12.197944722813185,86.51502108342714,58.200631539914006
logging_only,P053,D04,CS-BO,30,0,2.9429737896767394,11.288658313477063,100.0,53.12822035916398
logging_only,P053,D04,CS-BO,30,1,2.9430271855015087,11.334427997914714,100.0,53.12822035916398
logging_only,P053,D04,CS-BO,30,2,2.942978001524233,11.289670832805637,100.0,53.12822035916398
logging_only,P053,D04,WS-BO,30,0,2.9437497547617917,11.304045906076798,37.037495265686786,53.12822035916398
logging_only,P053,D04,WS-BO,30,1,2.9430332046424605,11.304538278672055,100.0,53.12822035916398
logging_only,P053,D04,WS-BO,30,2,2.942989369050502,11.260735626946033,100.0,53.12822035916398
logging_only,P053,D04,HGS-only,0,0,2.997230824803541,9.759677230622056,100.0,53.12822035916398
logging_only,P053,D04,HGS+BO5,5,0,2.997230824803541,9.759677230622056,100.0,53.12822035916398
logging_only,P053,D04,HGS+BO10,10,0,2.997230824803541,9.759677230622056,100.0,53.12822035916398
logging_only,P053,D05,CS-BO,30,0,2.316732048338664,14.126756637652347,100.0,59.07093374377933
logging_only,P053,D05,CS-BO,30,1,2.3165876383192257,14.230797418341396,100.0,59.07093374377933
logging_only,P053,D05,CS-BO,30,2,2.3172233812596703,14.457839062586284,89.62557641669075,59.07093374377933
logging_only,P053,D05,WS-BO,30,0,2.316724399886681,14.119336127643168,100.0,59.07093374377933
logging_only,P053,D05,WS-BO,30,1,2.3166111275083447,14.267553115063633,100.0,59.07093374377933
logging_only,P053,D05,WS-BO,30,2,2.3172271428041533,14.0625633720975,48.73411922846495,59.07093374377933
logging_only,P053,D05,HGS-only,0,0,2.350340105734193,12.537552464598496,99.7420909981501,59.07093374377933
logging_only,P053,D05,HGS+BO5,5,0,2.3441480459146575,12.704703688252861,46.05076025849351,59.07093374377933
logging_only,P053,D05,HGS+BO10,10,0,2.3441480459146575,12.704703688252861,46.05076025849351,59.07093374377933
logging_only,P053,D06,CS-BO,30,0,2.8197202875411196,11.60312810575147,97.54139016305929,56.2299784955618
logging_only,P053,D06,CS-BO,30,1,2.8198307655937103,11.667438155113112,100.0,56.2299784955618
logging_only,P053,D06,CS-BO,30,2,2.8197958192882906,11.573149810512597,94.01630242011917,56.2299784955618
logging_only,P053,D06,WS-BO,30,0,2.819749265761857,11.611504565544744,100.0,56.2299784955618
logging_only,P053,D06,WS-BO,30,1,2.8198118594748087,11.554420301624674,100.0,56.2299784955618
logging_only,P053,D06,WS-BO,30,2,2.8200543857680302,11.46551823524576,100.0,56.2299784955618
logging_only,P053,D06,HGS-only,0,0,2.8445156170963433,10.476579618197835,100.00000000000004,56.2299784955618
logging_only,P053,D06,HGS+BO5,5,0,2.8445156170963433,10.476579618197835,100.00000000000004,56.2299784955618
logging_only,P053,D06,HGS+BO10,10,0,2.8445156170963433,10.476579618197835,100.00000000000004,56.2299784955618
logging_only,P053,D07,CS-BO,30,0,2.9701834244228147,10.967209545736996,91.59100269681561,56.963131266969604
logging_only,P053,D07,CS-BO,30,1,2.9701050928075268,10.917667760462678,98.25722857113315,56.963131266969604
logging_only,P053,D07,CS-BO,30,2,2.9700459821706757,10.996476626947032,100.0,56.963131266969604
logging_only,P053,D07,WS-BO,30,0,2.9700988137448268,10.916151872432797,100.0,56.963131266969604
logging_only,P053,D07,WS-BO,30,1,2.9702051311033153,10.95960331901963,84.46291746339982,56.963131266969604
logging_only,P053,D07,WS-BO,30,2,2.970220122616789,10.896850662779885,93.71880363018627,56.963131266969604
logging_only,P053,D07,HGS-only,0,0,3.005062989133639,9.716868363890281,100.0,56.963131266969604
logging_only,P053,D07,HGS+BO5,5,0,2.9967331712068104,9.868689432707296,100.0,56.963131266969604
logging_only,P053,D07,HGS+BO10,10,0,2.9967331712068104,9.868689432707296,100.0,56.963131266969604
logging_only,P053,D08,CS-BO,30,0,2.5985570152030086,12.651754332812658,100.0,56.64456511750892
logging_only,P053,D08,CS-BO,30,1,2.598484098179198,12.731113420641243,100.0,56.64456511750892
logging_only,P053,D08,CS-BO,30,2,2.5986124528206838,12.80955468301188,96.33974369432185,56.64456511750892
logging_only,P053,D08,WS-BO,30,0,2.5985600749658024,12.702977694090066,100.0,56.64456511750892
logging_only,P053,D08,WS-BO,30,1,2.598493866797641,12.736678520851104,100.0,56.64456511750892
logging_only,P053,D08,WS-BO,30,2,2.5984816144373055,12.734220205105897,100.0,56.64456511750892
logging_only,P053,D08,HGS-only,0,0,2.61962874951182,11.580887938253484,91.01754926902342,56.64456511750892
logging_only,P053,D08,HGS+BO5,5,0,2.61962874951182,11.580887938253484,91.01754926902342,56.64456511750892
logging_only,P053,D08,HGS+BO10,10,0,2.61962874951182,11.580887938253484,91.01754926902342,56.64456511750892
logging_only,P053,D09,CS-BO,30,0,2.6646178179301327,12.362415005313371,100.0,55.789177785185096
logging_only,P053,D09,CS-BO,30,1,2.6645856707800157,12.423638430733217,100.0,55.789177785185096
logging_only,P053,D09,CS-BO,30,2,2.664602429523733,12.458403612069805,96.54411070259236,55.789177785185096
logging_only,P053,D09,WS-BO,30,0,2.664726053332769,12.498087147168325,100.0,55.789177785185096
logging_only,P053,D09,WS-BO,30,1,2.6645878870203137,12.457388369907065,100.0,55.789177785185096
logging_only,P053,D09,WS-BO,30,2,2.6647572562938793,12.306036464964293,93.38520995676096,55.789177785185096
logging_only,P053,D09,HGS-only,0,0,2.707295411206784,10.85018104368083,47.913134589025795,55.789177785185096
logging_only,P053,D09,HGS+BO5,5,0,2.707295411206784,10.85018104368083,47.913134589025795,55.789177785185096
logging_only,P053,D09,HGS+BO10,10,0,2.707295411206784,10.85018104368083,47.913134589025795,55.789177785185096
logging_only,P053,D10,CS-BO,30,0,2.4562147975662034,13.470937046745826,100.0,59.0455128030096
logging_only,P053,D10,CS-BO,30,1,2.456019519088388,13.405084066567936,100.0,59.0455128030096
logging_only,P053,D10,CS-BO,30,2,2.4560174452212205,13.347555617586085,100.0,59.0455128030096
logging_only,P053,D10,WS-BO,30,0,2.456472018574477,13.403258685704209,41.85298809358263,59.0455128030096
logging_only,P053,D10,WS-BO,30,1,2.456019205415059,13.40483891380624,100.0,59.0455128030096
logging_only,P053,D10,WS-BO,30,2,2.456013184214614,13.346337743174375,100.0,59.0455128030096
logging_only,P053,D10,HGS-only,0,0,2.4807947003290756,12.028024838476316,100.00000000000004,59.0455128030096
logging_only,P053,D10,HGS+BO5,5,0,2.4807947003290756,12.028024838476316,100.00000000000004,59.0455128030096
logging_only,P053,D10,HGS+BO10,10,0,2.4807947003290756,12.028024838476316,100.00000000000004,59.0455128030096
logging_only,P158,D01,CS-BO,30,0,2.939365061878814,12.773545274382004,100.0,59.85135299024121
logging_only,P158,D01,CS-BO,30,1,2.93915401986202,13.002972624896483,100.0,59.85135299024121
logging_only,P158,D01,CS-BO,30,2,2.9401556688950397,13.108629992931387,45.30873183548473,59.85135299024121
logging_only,P158,D01,WS-BO,30,0,2.9396134735978645,13.036735087979672,65.07681636453813,59.85135299024121
logging_only,P158,D01,WS-BO,30,1,2.9398384359123795,12.890424018750144,48.00146853024971,59.85135299024121
logging_only,P158,D01,WS-BO,30,2,2.940387976651868,13.16858605237681,51.082257151123585,59.85135299024121
logging_only,P158,D01,HGS-only,0,0,2.9742243640240607,11.112706714627297,50.77416486722369,59.85135299024121
logging_only,P158,D01,HGS+BO5,5,0,2.9742243640240607,11.112706714627297,50.77416486722369,59.85135299024121
logging_only,P158,D01,HGS+BO10,10,0,2.9742243640240607,11.112706714627297,50.77416486722369,59.85135299024121
logging_only,P158,D02,CS-BO,30,0,3.037147630869365,12.286178945257102,98.9192804027084,60.49486663885073
logging_only,P158,D02,CS-BO,30,1,3.0372065062669775,12.267527421272698,100.0,60.49486663885073
logging_only,P158,D02,CS-BO,30,2,3.03737351086803,12.163269028614474,85.14099689029177,60.49486663885073
logging_only,P158,D02,WS-BO,30,0,3.0376851767855353,12.161468241326936,65.94087049790119,60.49486663885073
logging_only,P158,D02,WS-BO,30,1,3.03811558620659,12.277444706426845,42.493797654133836,60.49486663885073
logging_only,P158,D02,WS-BO,30,2,3.0371434704008253,12.220118278111247,93.64278254277265,60.49486663885073
logging_only,P158,D02,HGS-only,0,0,3.0672025544013413,10.731303421543412,39.77823297654653,60.49486663885073
logging_only,P158,D02,HGS+BO5,5,0,3.062398879352695,10.85018104368083,47.913134589025795,60.49486663885073
logging_only,P158,D02,HGS+BO10,10,0,3.062398879352695,10.85018104368083,47.913134589025795,60.49486663885073
logging_only,P158,D03,CS-BO,30,0,2.8637895116402396,13.426011158119104,97.21144731420303,59.38733287387511
logging_only,P158,D03,CS-BO,30,1,2.863807190781465,13.495955234382794,100.0,59.38733287387511
logging_only,P158,D03,CS-BO,30,2,2.8640052087609154,13.476167923637123,81.17765487981572,59.38733287387511
logging_only,P158,D03,WS-BO,30,0,2.8640986266366824,13.301509005603585,100.0,59.38733287387511
logging_only,P158,D03,WS-BO,30,1,2.8641891666755663,13.68215036841767,100.0,59.38733287387511
logging_only,P158,D03,WS-BO,30,2,2.864418275273539,13.54260346109995,51.20226312039443,59.38733287387511
logging_only,P158,D03,HGS-only,0,0,2.8971369538346057,11.580887938253484,91.01754926902342,59.38733287387511
logging_only,P158,D03,HGS+BO5,5,0,2.8827350623841586,12.028024838476316,100.0,59.38733287387511
logging_only,P158,D03,HGS+BO10,10,0,2.8827350623841586,12.028024838476316,100.0,59.38733287387511
logging_only,P158,D04,CS-BO,30,0,3.1729265423015196,11.4418929553032,42.9991988432749,61.21878178579837
logging_only,P158,D04,CS-BO,30,1,3.1721464861863264,11.440211485371531,80.0968148003364,61.21878178579837
logging_only,P158,D04,CS-BO,30,2,3.1720987249125225,11.363054080284495,99.9393720658644,61.21878178579837
logging_only,P158,D04,WS-BO,30,0,3.1729835424252073,11.687528161528947,69.11723258269248,61.21878178579837
logging_only,P158,D04,WS-BO,30,1,3.172634739353256,11.468236317817869,51.52074708022066,61.21878178579837
logging_only,P158,D04,WS-BO,30,2,3.171983611102305,11.494075107135027,92.21227138671645,61.21878178579837
logging_only,P158,D04,HGS-only,0,0,3.2020582501356065,10.087117059022404,47.28337939440076,61.21878178579837
logging_only,P158,D04,HGS+BO5,5,0,3.2020582501356065,10.087117059022404,47.28337939440076,61.21878178579837
logging_only,P158,D04,HGS+BO10,10,0,3.2020582501356065,10.087117059022404,47.28337939440076,61.21878178579837
logging_only,P158,D05,CS-BO,30,0,2.8037996002563097,14.067177512627145,93.46618198597652,59.08710780106085
logging_only,P158,D05,CS-BO,30,1,2.803823900561337,13.902555849581246,100.0,59.08710780106085
logging_only,P158,D05,CS-BO,30,2,2.804687192749134,13.887884538164338,39.55995625587047,59.08710780106085
logging_only,P158,D05,WS-BO,30,0,2.803723357009567,14.03603830247958,100.0,59.08710780106085
logging_only,P158,D05,WS-BO,30,1,2.8037155934723508,13.960553013340578,100.0,59.08710780106085
logging_only,P158,D05,WS-BO,30,2,2.804766224432278,13.971279107175828,36.0117201427477,59.08710780106085
logging_only,P158,D05,HGS-only,0,0,2.844984201174989,11.744491120439426,100.00000000000004,59.08710780106085
logging_only,P158,D05,HGS+BO5,5,0,2.844984201174989,11.744491120439426,100.00000000000004,59.08710780106085
logging_only,P158,D05,HGS+BO10,10,0,2.844984201174989,11.744491120439426,100.00000000000004,59.08710780106085
logging_only,P158,D06,CS-BO,30,0,3.0505586733645305,11.951172743987385,97.6492125311917,59.244449988935756
logging_only,P158,D06,CS-BO,30,1,3.050565294745425,11.87285814491749,100.0,59.244449988935756
logging_only,P158,D06,CS-BO,30,2,3.0505204634106797,11.86410964307217,100.0,59.244449988935756
logging_only,P158,D06,WS-BO,30,0,3.050569762167632,11.955499072764537,100.0,59.244449988935756
logging_only,P158,D06,WS-BO,30,1,3.0514127482980493,12.069655900677704,54.12196471876895,59.244449988935756
logging_only,P158,D06,WS-BO,30,2,3.0505962025006097,12.01179317288196,99.11962737544246,59.244449988935756
logging_only,P158,D06,HGS-only,0,0,3.078553566443107,10.476579618197835,100.00000000000004,59.244449988935756
logging_only,P158,D06,HGS+BO5,5,0,3.07717877830767,10.509382768938442,100.0,59.244449988935756
logging_only,P158,D06,HGS+BO10,10,0,3.07717877830767,10.509382768938442,100.0,59.244449988935756
logging_only,P158,D07,CS-BO,30,0,3.1130637856557164,11.187766283347527,100.0,58.762917160047856
logging_only,P158,D07,CS-BO,30,1,3.1127860762705892,11.28020776236942,90.77770909439012,58.762917160047856
logging_only,P158,D07,CS-BO,30,2,3.1124604540364165,11.363054075844378,99.9393720615215,58.762917160047856
logging_only,P158,D07,WS-BO,30,0,3.1125293363943896,11.440890040876546,100.0,58.762917160047856
logging_only,P158,D07,WS-BO,30,1,3.11334049042331,11.375510750941755,47.14907984296301,58.762917160047856
logging_only,P158,D07,WS-BO,30,2,3.1124610405155733,11.362225062931946,100.0,58.762917160047856
logging_only,P158,D07,HGS-only,0,0,3.1565935758069483,9.712132611074798,100.00000000000004,58.762917160047856
logging_only,P158,D07,HGS+BO5,5,0,3.1565935758069483,9.712132611074798,100.00000000000004,58.762917160047856
logging_only,P158,D07,HGS+BO10,10,0,3.1565935758069483,9.712132611074798,100.00000000000004,58.762917160047856
logging_only,P158,D08,CS-BO,30,0,2.9647742401912014,12.785149481821458,100.0,60.38989826891955
logging_only,P158,D08,CS-BO,30,1,2.964751159219062,12.744935183180269,100.0,60.38989826891955
logging_only,P158,D08,CS-BO,30,2,2.965108874692678,12.908196203657456,96.07222021944503,60.38989826891955
logging_only,P158,D08,WS-BO,30,0,2.9652074623757043,12.68632708854656,56.78933464136178,60.38989826891955
logging_only,P158,D08,WS-BO,30,1,2.9653814562112557,12.677543066473577,51.73121739329173,60.38989826891955
logging_only,P158,D08,WS-BO,30,2,2.966224706456128,13.06307105831695,64.2957349588119,60.38989826891955
logging_only,P158,D08,HGS-only,0,0,2.9842544188877684,11.391972478546995,100.00000000000004,60.38989826891955
logging_only,P158,D08,HGS+BO5,5,0,2.9842544188877684,11.391972478546995,100.00000000000004,60.38989826891955
logging_only,P158,D08,HGS+BO10,10,0,2.9842544188877684,11.391972478546995,100.00000000000004,60.38989826891955
logging_only,P158,D09,CS-BO,30,0,3.005016147052928,12.463194782892788,100.0,59.89135384536244
logging_only,P158,D09,CS-BO,30,1,3.005184791603098,12.35269608508121,100.0,59.89135384536244
logging_only,P158,D09,CS-BO,30,2,3.0054511472854597,12.30193556023072,91.38016497594,59.89135384536244
logging_only,P158,D09,WS-BO,30,0,3.0056561433989013,12.410074364064961,54.67360507871051,59.89135384536244
logging_only,P158,D09,WS-BO,30,1,3.0059879827875737,12.381848142740884,43.19459826876002,59.89135384536244
logging_only,P158,D09,WS-BO,30,2,3.0053306402907434,12.313600588136625,97.68714264584779,59.89135384536244
logging_only,P158,D09,HGS-only,0,0,3.048526875110488,10.560731788949555,100.00000000000004,59.89135384536244
logging_only,P158,D09,HGS+BO5,5,0,3.048526875110488,10.560731788949555,100.00000000000004,59.89135384536244
logging_only,P158,D09,HGS+BO10,10,0,3.048526875110488,10.560731788949555,100.00000000000004,59.89135384536244
logging_only,P158,D10,CS-BO,30,0,2.8845790585059423,13.215709846353612,100.0,60.86779864115919
logging_only,P158,D10,CS-BO,30,1,2.8845900408933187,13.279796687252944,100.0,60.86779864115919
logging_only,P158,D10,CS-BO,30,2,2.8848025998082027,13.41296308391872,88.46726199246922,60.86779864115919
logging_only,P158,D10,WS-BO,30,0,2.884586702476387,13.314022552119285,96.67248083297957,60.86779864115919
logging_only,P158,D10,WS-BO,30,1,2.885405945171259,13.087908308424128,53.97448969513583,60.86779864115919
logging_only,P158,D10,WS-BO,30,2,2.8849261634920635,13.307951882136166,62.26496554834506,60.86779864115919
logging_only,P158,D10,HGS-only,0,0,2.911867039566455,11.580887938253484,91.01754926902342,60.86779864115919
logging_only,P158,D10,HGS+BO5,5,0,2.911867039566455,11.580887938253484,91.01754926902342,60.86779864115919
logging_only,P158,D10,HGS+BO10,10,0,2.911867039566455,11.580887938253484,91.01754926902342,60.86779864115919
logging_only,P186,D01,CS-BO,30,0,4.6521961322970204,16.827162435554403,54.50314577967774,75.63537834142961
logging_only,P186,D01,CS-BO,30,1,4.651474496633065,16.920536126101993,100.0,75.63537834142961
logging_only,P186,D01,CS-BO,30,2,4.651790104153449,17.05416100968565,100.0,75.63537834142961
logging_only,P186,D01,WS-BO,30,0,4.651532834370835,16.928705246292925,99.58100068684789,75.63537834142961
logging_only,P186,D01,WS-BO,30,1,4.6515065935189135,16.92418921881633,98.10423045795993,75.63537834142961
logging_only,P186,D01,WS-BO,30,2,4.651681609587516,16.963685887626742,100.0,75.63537834142961
logging_only,P186,D01,HGS-only,0,0,5.139207305823311,11.196612286340516,100.0,75.63537834142961
logging_only,P186,D01,HGS+BO5,5,0,4.913167880543599,22.18104596197019,26.54261302421588,75.63537834142961
logging_only,P186,D01,HGS+BO10,10,0,4.913167880543599,22.18104596197019,26.54261302421588,75.63537834142961
logging_only,P186,D02,CS-BO,30,0,4.869806600972656,15.983578818104487,70.22631930615461,74.25410244593878
logging_only,P186,D02,CS-BO,30,1,4.869589299767521,15.988797182498494,100.0,74.25410244593878
logging_only,P186,D02,CS-BO,30,2,4.869941547347997,15.984195172278605,57.590723921466854,74.25410244593878
logging_only,P186,D02,WS-BO,30,0,4.869740014232929,15.95755744390854,100.0,74.25410244593878
logging_only,P186,D02,WS-BO,30,1,4.869609137106613,15.98532221258629,100.0,74.25410244593878
logging_only,P186,D02,WS-BO,30,2,4.869779817309142,15.971244474960336,81.86210000177621,74.25410244593878
logging_only,P186,D02,HGS-only,0,0,5.582978951221009,9.82086208506745,100.0,74.25410244593878
logging_only,P186,D02,HGS+BO5,5,0,5.2730104564464595,22.18104596197019,26.54261302421588,74.25410244593878
logging_only,P186,D02,HGS+BO10,10,0,5.2730104564464595,22.18104596197019,26.54261302421588,74.25410244593878
logging_only,P186,D03,CS-BO,30,0,4.483552448889932,17.471914678393418,98.14901918280383,76.54063591342384
logging_only,P186,D03,CS-BO,30,1,4.482863586154514,17.767226219861296,100.0,76.54063591342384
logging_only,P186,D03,CS-BO,30,2,4.482857344132631,17.7690783376291,100.0,76.54063591342384
logging_only,P186,D03,WS-BO,30,0,4.482964727886541,17.62828667673371,97.53042255750563,76.54063591342384
logging_only,P186,D03,WS-BO,30,1,4.4828493568589005,17.599628493976283,100.0,76.54063591342384
logging_only,P186,D03,WS-BO,30,2,4.482946457227504,17.594432491574405,100.0,76.54063591342384
logging_only,P186,D03,HGS-only,0,0,4.864630634055808,12.197944722813185,86.51502108342714,76.54063591342384
logging_only,P186,D03,HGS+BO5,5,0,4.653993031898471,22.18104596197019,26.54261302421588,76.54063591342384
logging_only,P186,D03,HGS+BO10,10,0,4.653993031898471,22.18104596197019,26.54261302421588,76.54063591342384
logging_only,P186,D04,CS-BO,30,0,5.167767711056416,14.879678637527324,100.0,72.05252088170282
logging_only,P186,D04,CS-BO,30,1,5.167691280400941,14.892843876247062,100.0,72.05252088170282
logging_only,P186,D04,CS-BO,30,2,5.167887298461511,14.972773179430533,100.0,72.05252088170282
logging_only,P186,D04,WS-BO,30,0,5.168386108715298,15.111345069411252,100.0,72.05252088170282
logging_only,P186,D04,WS-BO,30,1,5.167797209108927,14.92367550659401,100.0,72.05252088170282
logging_only,P186,D04,WS-BO,30,2,5.16788721265179,14.938025802130975,95.17293582220105,72.05252088170282
logging_only,P186,D04,HGS-only,0,0,6.466011178358261,7.844860753661457,95.96049248847946,72.05252088170282
logging_only,P186,D04,HGS+BO5,5,0,5.807439410939309,22.18104596197019,26.54261302421588,72.05252088170282
logging_only,P186,D04,HGS+BO10,10,0,5.807439410939309,22.18104596197019,26.54261302421588,72.05252088170282
logging_only,P186,D05,CS-BO,30,0,4.347361067333744,18.489092528212844,97.03752647684475,77.07060362655108
logging_only,P186,D05,CS-BO,30,1,4.3472119418641695,18.352993086333054,100.0,77.07060362655108
logging_only,P186,D05,CS-BO,30,2,4.347262068837662,18.321149659742098,100.0,77.07060362655108
logging_only,P186,D05,WS-BO,30,0,4.34741281126329,18.40042351193249,96.04414350617779,77.07060362655108
logging_only,P186,D05,WS-BO,30,1,4.347206357498344,18.33042198820959,100.0,77.07060362655108
logging_only,P186,D05,WS-BO,30,2,4.3472696322254585,18.526085540639983,100.0,77.07060362655108
logging_only,P186,D05,HGS-only,0,0,4.672673761190843,12.959959422294459,100.0,77.07060362655108
logging_only,P186,D05,HGS+BO5,5,0,4.4594984090502425,22.18104596197019,26.54261302421588,77.07060362655108
logging_only,P186,D05,HGS+BO10,10,0,4.4594984090502425,22.18104596197019,26.54261302421588,77.07060362655108
logging_only,P186,D06,CS-BO,30,0,4.926706850029982,15.588473483820184,100.0,74.24562688969857
logging_only,P186,D06,CS-BO,30,1,4.926352093777122,15.515964484792203,100.0,74.24562688969857
logging_only,P186,D06,CS-BO,30,2,4.926678577045416,15.507665873502223,60.91427100875911,74.24562688969857
logging_only,P186,D06,WS-BO,30,0,4.92649324649316,15.396046192616751,100.0,74.24562688969857
logging_only,P186,D06,WS-BO,30,1,4.926679263226054,15.582477558880468,100.0,74.24562688969857
logging_only,P186,D06,WS-BO,30,2,4.926821080117963,15.487922605237701,54.72317024873811,74.24562688969857
logging_only,P186,D06,HGS-only,0,0,5.404717521004171,10.476579618197835,100.00000000000004,74.24562688969857
logging_only,P186,D06,HGS+BO5,5,0,5.399929763018517,10.49822520660095,100.0,74.24562688969857
logging_only,P186,D06,HGS+BO10,10,0,5.399929763018517,10.49822520660095,100.0,74.24562688969857
logging_only,P186,D07,CS-BO,30,0,5.0756242285782776,14.763013945624468,100.0,73.97577965978464
logging_only,P186,D07,CS-BO,30,1,5.075483676731209,14.71916465235578,100.0,73.97577965978464
logging_only,P186,D07,CS-BO,30,2,5.075983691869778,14.900724504147055,100.0,73.97577965978464
logging_only,P186,D07,WS-BO,30,0,5.075927031794503,14.605123717427052,100.0,73.97577965978464
logging_only,P186,D07,WS-BO,30,1,5.0756105644563645,14.789005611692646,100.0,73.97577965978464
logging_only,P186,D07,WS-BO,30,2,5.075560036459278,14.69968162237636,90.83456406379355,73.97577965978464
logging_only,P186,D07,HGS-only,0,0,5.489593877179532,10.348236754268157,100.0,73.97577965978464
logging_only,P186,D07,HGS+BO5,5,0,5.489593877179532,10.348236754268157,100.0,73.97577965978464
logging_only,P186,D07,HGS+BO10,10,0,5.489593877179532,10.348236754268157,100.0,73.97577965978464
logging_only,P186,D08,CS-BO,30,0,4.730919680263716,16.377126451797558,99.92206939623973,75.30528879202562
logging_only,P186,D08,CS-BO,30,1,4.730155609489228,16.618997039615017,100.0,75.30528879202562
logging_only,P186,D08,CS-BO,30,2,4.730323739198374,16.45914806496448,100.0,75.30528879202562
logging_only,P186,D08,WS-BO,30,0,4.730391944607588,16.47896997461988,100.0,75.30528879202562
logging_only,P186,D08,WS-BO,30,1,4.730140011899717,16.617136571016683,100.0,75.30528879202562
logging_only,P186,D08,WS-BO,30,2,4.731513974468587,16.640975631430614,26.132828958172187,75.30528879202562
logging_only,P186,D08,HGS-only,0,0,5.28205911055273,10.731303421543412,39.77823297654653,75.30528879202562
logging_only,P186,D08,HGS+BO5,5,0,5.039233369102641,22.18104596197019,26.54261302421588,75.30528879202562
logging_only,P186,D08,HGS+BO10,10,0,5.039233369102641,22.18104596197019,26.54261302421588,75.30528879202562
logging_only,P186,D09,CS-BO,30,0,4.777411964211794,16.671380552136636,100.0,74.66673925543236
logging_only,P186,D09,CS-BO,30,1,4.77621646537444,16.423110410704773,100.0,74.66673925543236
logging_only,P186,D09,CS-BO,30,2,4.776956891050306,16.18967701484615,100.0,74.66673925543236
logging_only,P186,D09,WS-BO,30,0,4.776352952547948,16.451155972710108,99.91959805949863,74.66673925543236
logging_only,P186,D09,WS-BO,30,1,4.77622250010266,16.421687231208356,100.0,74.66673925543236
logging_only,P186,D09,WS-BO,30,2,4.777742431458146,16.301384201688847,25.423998334691934,74.66673925543236
logging_only,P186,D09,HGS-only,0,0,5.355166506510912,10.512076267407442,100.0,74.66673925543236
logging_only,P186,D09,HGS+BO5,5,0,5.115657401949918,22.18104596197019,26.54261302421588,74.66673925543236
logging_only,P186,D09,HGS+BO10,10,0,5.115657401949918,22.18104596197019,26.54261302421588,74.66673925543236
logging_only,P186,D10,CS-BO,30,0,4.537037291395513,17.079286689054992,83.15825046951895,77.3004546905737
logging_only,P186,D10,CS-BO,30,1,4.536085263229723,17.41364525058032,100.0,77.3004546905737
logging_only,P186,D10,CS-BO,30,2,4.536450047760417,17.522194431746865,100.0,77.3004546905737
logging_only,P186,D10,WS-BO,30,0,4.536150500541602,17.288301810335764,98.08618598110003,77.3004546905737
logging_only,P186,D10,WS-BO,30,1,4.536064408881013,17.42061157132954,100.0,77.3004546905737
logging_only,P186,D10,WS-BO,30,2,4.536199108165093,17.304921666962137,100.0,77.3004546905737
logging_only,P186,D10,HGS-only,0,0,4.992989474358244,11.580887938253484,91.01754926902342,77.3004546905737
logging_only,P186,D10,HGS+BO5,5,0,4.742874091766232,22.18104596197019,26.54261302421588,77.3004546905737
logging_only,P186,D10,HGS+BO10,10,0,4.742874091766232,22.18104596197019,26.54261302421588,77.3004546905737
logging_only,P189,D01,CS-BO,30,0,8.91573238789954,8.044281119911162,97.99764175832082,32.592832065347004
logging_only,P189,D01,CS-BO,30,1,8.915580077104563,8.065765423965672,100.0,32.592832065347004
logging_only,P189,D01,CS-BO,30,2,8.915581731783416,8.030136153733375,100.0,32.592832065347004
logging_only,P189,D01,WS-BO,30,0,8.915752041317646,8.086451358860344,100.0,32.592832065347004
logging_only,P189,D01,WS-BO,30,1,8.915589605226815,8.066367915575208,100.0,32.592832065347004
logging_only,P189,D01,WS-BO,30,2,8.915669512326954,8.027859452920527,100.0,32.592832065347004
logging_only,P189,D01,HGS-only,0,0,8.917529546815697,7.844860753661457,95.96049248847946,32.592832065347004
logging_only,P189,D01,HGS+BO5,5,0,8.917529546815697,7.844860753661457,95.96049248847946,32.592832065347004
logging_only,P189,D01,HGS+BO10,10,0,8.917529546815697,7.844860753661457,95.96049248847946,32.592832065347004
logging_only,P189,D02,CS-BO,30,0,9.365503721648302,7.663299436024764,100.0,31.636560457241096
logging_only,P189,D02,CS-BO,30,1,9.365749219282707,7.729848277844419,96.06977339822184,31.636560457241096
logging_only,P189,D02,CS-BO,30,2,9.365480696625015,7.667795213844688,100.0,31.636560457241096
logging_only,P189,D02,WS-BO,30,0,9.365915244793905,7.7827523206479094,100.0,31.636560457241096
logging_only,P189,D02,WS-BO,30,1,9.365664323542175,7.748127989742543,100.0,31.636560457241096
logging_only,P189,D02,WS-BO,30,2,9.365783845566574,7.611068745160026,100.0,31.636560457241096
logging_only,P189,D02,HGS-only,0,0,9.366672442778473,7.533027639434554,98.21830416062512,31.636560457241096
logging_only,P189,D02,HGS+BO5,5,0,9.366481915617562,7.823877067038778,100.0,31.636560457241096
logging_only,P189,D02,HGS+BO10,10,0,9.366481915617562,7.823877067038778,100.0,31.636560457241096
logging_only,P189,D03,CS-BO,30,0,8.55638963076734,8.31166131255336,100.0,33.377871412271965
logging_only,P189,D03,CS-BO,30,1,8.556459397840914,8.318135220141341,94.92893507273891,33.377871412271965
logging_only,P189,D03,CS-BO,30,2,8.55627596341327,8.335747862967382,99.94400567136844,33.377871412271965
logging_only,P189,D03,WS-BO,30,0,8.556488520668657,8.265138716975008,100.0,33.377871412271965
logging_only,P189,D03,WS-BO,30,1,8.556303711069804,8.287240309361797,100.0,33.377871412271965
logging_only,P189,D03,WS-BO,30,2,8.556371253099668,8.34218540623346,100.0,33.377871412271965
logging_only,P189,D03,HGS-only,0,0,8.566516562608884,7.844860753661457,95.96049248847946,33.377871412271965
logging_only,P189,D03,HGS+BO5,5,0,8.5575685888367,8.147750025949925,100.0,33.377871412271965
logging_only,P189,D03,HGS+BO10,10,0,8.5575685888367,8.147750025949925,100.0,33.377871412271965
logging_only,P189,D04,CS-BO,30,0,9.956167229881654,7.408958669887925,94.15470332125446,30.168736427389327
logging_only,P189,D04,CS-BO,30,1,9.955722672957613,7.3855468863287355,100.0,30.168736427389327
logging_only,P189,D04,CS-BO,30,2,9.955642300988965,7.354985429383085,100.0,30.168736427389327
logging_only,P189,D04,WS-BO,30,0,9.955732043551492,7.350842888359735,100.0,30.168736427389327
logging_only,P189,D04,WS-BO,30,1,9.955816038712001,7.366370239616435,98.06596899474587,30.168736427389327
logging_only,P189,D04,WS-BO,30,2,9.955647259983833,7.354573345842144,99.71244864306772,30.168736427389327
logging_only,P189,D04,HGS-only,0,0,9.956243647800697,7.252990420254985,100.00000000000004,30.168736427389327
logging_only,P189,D04,HGS+BO5,5,0,9.956243647800697,7.252990420254985,100.00000000000004,30.168736427389327
logging_only,P189,D04,HGS+BO10,10,0,9.956243647800697,7.252990420254985,100.00000000000004,30.168736427389327
logging_only,P189,D05,CS-BO,30,0,8.258624216890793,8.570534488100774,98.21834413347776,34.04763009607868
logging_only,P189,D05,CS-BO,30,1,8.258764614286678,8.62516067795883,100.0,34.04763009607868
logging_only,P189,D05,CS-BO,30,2,8.258591614147596,8.603477849851528,99.92956438400452,34.04763009607868
logging_only,P189,D05,WS-BO,30,0,8.258648087595816,8.503465750336181,100.0,34.04763009607868
logging_only,P189,D05,WS-BO,30,1,8.258574931502764,8.568445739378646,99.28308676484126,34.04763009607868
logging_only,P189,D05,WS-BO,30,2,8.258639680530548,8.577339302717485,100.0,34.04763009607868
logging_only,P189,D05,HGS-only,0,0,8.2641415446025,8.217199878680917,81.68293536297007,34.04763009607868
logging_only,P189,D05,HGS+BO5,5,0,8.2641415446025,8.217199878680917,81.68293536297007,34.04763009607868
logging_only,P189,D05,HGS+BO10,10,0,8.2641415446025,8.217199878680917,81.68293536297007,34.04763009607868
logging_only,P189,D06,CS-BO,30,0,9.462279971028325,7.890376703360711,100.0,33.05458822043756
logging_only,P189,D06,CS-BO,30,1,9.462274986686253,7.889504041064634,100.0,33.05458822043756
logging_only,P189,D06,CS-BO,30,2,9.462250412512025,7.914827140490048,100.0,33.05458822043756
logging_only,P189,D06,WS-BO,30,0,9.46230930071659,7.861178583966544,100.0,33.05458822043756
logging_only,P189,D06,WS-BO,30,1,9.46222466614588,7.905127935238234,100.0,33.05458822043756
logging_only,P189,D06,WS-BO,30,2,9.462242831842858,7.871508808740965,99.76483656429575,33.05458822043756
logging_only,P189,D06,HGS-only,0,0,9.462564176936423,7.844860753661457,95.96049248847946,33.05458822043756
logging_only,P189,D06,HGS+BO5,5,0,9.462564176936423,7.844860753661457,95.96049248847946,33.05458822043756
logging_only,P189,D06,HGS+BO10,10,0,9.462564176936423,7.844860753661457,95.96049248847946,33.05458822043756
logging_only,P189,D07,CS-BO,30,0,9.676848036185516,7.79520723014999,100.0,32.429220361992236
logging_only,P189,D07,CS-BO,30,1,9.676744911502949,7.807164449597104,95.95310877136342,32.429220361992236
logging_only,P189,D07,CS-BO,30,2,9.682891052286218,7.701091062154379,46.64470105198885,32.429220361992236
logging_only,P189,D07,WS-BO,30,0,9.67660724578785,7.807524487304057,99.83831156164398,32.429220361992236
logging_only,P189,D07,WS-BO,30,1,9.691496982656233,7.615926302705284,25.446215809195436,32.429220361992236
logging_only,P189,D07,WS-BO,30,2,9.69845954368714,7.9924236261888595,100.0,32.429220361992236
logging_only,P189,D07,HGS-only,0,0,9.701701300666656,8.217199878680917,81.68293536297007,32.429220361992236
logging_only,P189,D07,HGS+BO5,5,0,9.697942180542778,7.9117288365434435,100.0,32.429220361992236
logging_only,P189,D07,HGS+BO10,10,0,9.697942180542778,7.9117288365434435,100.0,32.429220361992236
logging_only,P189,D08,CS-BO,30,0,9.061667899777992,7.893989322779468,100.0,32.18573549607996
logging_only,P189,D08,CS-BO,30,1,9.061811317234856,8.001795542277266,97.5181313615511,32.18573549607996
logging_only,P189,D08,CS-BO,30,2,9.061500299536872,7.936692990456564,100.0,32.18573549607996
logging_only,P189,D08,WS-BO,30,0,9.062683574800046,7.812541184369943,100.0,32.18573549607996
logging_only,P189,D08,WS-BO,30,1,9.061811248295667,8.012477291753191,100.0,32.18573549607996
logging_only,P189,D08,WS-BO,30,2,9.061866922564159,8.026430376966767,100.0,32.18573549607996
logging_only,P189,D08,HGS-only,0,0,9.062249662307913,7.844860753661457,95.96049248847946,32.18573549607996
logging_only,P189,D08,HGS+BO5,5,0,9.062249662307913,7.844860753661457,95.96049248847946,32.18573549607996
logging_only,P189,D08,HGS+BO10,10,0,9.062249662307913,7.844860753661457,95.96049248847946,32.18573549607996
logging_only,P189,D09,CS-BO,30,0,9.19507907873981,7.796023529500623,97.5452601307518,32.44597759008306
logging_only,P189,D09,CS-BO,30,1,9.194927098387083,7.742946924023025,98.86374004763908,32.44597759008306
logging_only,P189,D09,CS-BO,30,2,9.194775328922143,7.777831154673446,100.0,32.44597759008306
logging_only,P189,D09,WS-BO,30,0,9.194874173805822,7.761136576286746,100.0,32.44597759008306
logging_only,P189,D09,WS-BO,30,1,9.195050262174158,7.800841659096635,100.0,32.44597759008306
logging_only,P189,D09,WS-BO,30,2,9.195069023874778,7.802977928028724,100.0,32.44597759008306
logging_only,P189,D09,HGS-only,0,0,9.198209455261718,7.533027639434554,98.21830416062512,32.44597759008306
logging_only,P189,D09,HGS+BO5,5,0,9.198209455261718,7.533027639434554,98.21830416062512,32.44597759008306
logging_only,P189,D09,HGS+BO10,10,0,9.198209455261718,7.533027639434554,98.21830416062512,32.44597759008306
logging_only,P189,D10,CS-BO,30,0,8.631829271459457,8.183146608996596,100.0,31.71993981958567
logging_only,P189,D10,CS-BO,30,1,8.631827670605592,8.234321276512947,100.0,31.71993981958567
logging_only,P189,D10,CS-BO,30,2,8.63181972548771,8.223649641607242,99.26843489444454,31.71993981958567
logging_only,P189,D10,WS-BO,30,0,8.631995832754356,8.277060078980867,100.0,31.71993981958567
logging_only,P189,D10,WS-BO,30,1,8.631798492690718,8.22033817967114,100.0,31.71993981958567
logging_only,P189,D10,WS-BO,30,2,8.631793963901941,8.216160233751587,100.0,31.71993981958567
logging_only,P189,D10,HGS-only,0,0,8.638298525635713,7.844860753661457,95.96049248847946,31.71993981958567
logging_only,P189,D10,HGS+BO5,5,0,8.632106576972472,8.147750025949925,100.0,31.71993981958567
logging_only,P189,D10,HGS+BO10,10,0,8.632106576972472,8.147750025949925,100.0,31.71993981958567
