protocol,pool_id,drift,method,real_evals,seed,final_best_cost,best_kp,best_ti_scale,twin_mare_percent
field_matched,P001,D01,CS-BO,30,0,0.04049430292836945,52.1953044239038,0.6824456437835476,5.231697918471124
field_matched,P001,D01,CS-BO,30,1,0.039511851264678446,35.68254120279354,0.43617115406969903,5.231697918471124
field_matched,P001,D01,CS-BO,30,2,0.040224358656184386,74.2648128251051,11.623586104623769,5.231697918471124
field_matched,P001,D01,WS-BO,30,0,0.040580780552230224,22.18104596197019,26.54261302421588,5.231697918471124
field_matched,P001,D01,WS-BO,30,1,0.04086516756303274,51.13361631524667,100.0,5.231697918471124
field_matched,P001,D01,WS-BO,30,2,0.038810775358796394,54.42829885450579,5.605196632911759,5.231697918471124
field_matched,P001,D01,HGS-only,0,0,0.04279596351491032,69.48345654362988,0.16727518495144672,5.231697918471124
field_matched,P001,D01,HGS+BO5,5,0,0.040580780552230224,22.18104596197019,26.54261302421588,5.231697918471124
field_matched,P001,D01,HGS+BO10,10,0,0.040580780552230224,22.18104596197019,26.54261302421588,5.231697918471124
field_matched,P001,D02,CS-BO,30,0,0.04510482462459123,33.36751943347085,3.6667227098020705,2.283394540157078
field_matched,P001,D02,CS-BO,30,1,0.045650938217559715,33.038361531660335,14.202717109626319,2.283394540157078
field_matched,P001,D02,CS-BO,30,2,0.044667190384261195,50.56472508523266,3.3137791215677943,2.283394540157078
field_matched,P001,D02,WS-BO,30,0,0.04493709932011539,49.96119913460719,100.0,2.283394540157078
field_matched,P001,D02,WS-BO,30,1,0.04645519724511397,48.02605814504145,100.0,2.283394540157078
field_matched,P001,D02,WS-BO,30,2,0.04565163062582439,33.01745838771824,13.658720989369757,2.283394540157078
field_matched,P001,D02,HGS-only,0,0,0.0481259342152432,66.52509124973513,0.13689560952019808,2.283394540157078
field_matched,P001,D02,HGS+BO5,5,0,0.0481259342152432,66.52509124973513,0.13689560952019808,2.283394540157078
field_matched,P001,D02,HGS+BO10,10,0,0.048095467024784164,88.79472707346862,72.87133025994751,2.283394540157078
field_matched,P001,D03,CS-BO,30,0,0.035673490168597305,55.803708271256085,4.721744651056696,9.340231631744864
field_matched,P001,D03,CS-BO,30,1,0.03825488929502166,74.23049243804971,0.11645484782561583,9.340231631744864
field_matched,P001,D03,CS-BO,30,2,0.03470737385904219,57.56439735986337,100.0,9.340231631744864
field_matched,P001,D03,WS-BO,30,0,0.037770718816775156,52.010508839295525,14.929924641670446,9.340231631744864
field_matched,P001,D03,WS-BO,30,1,0.03798891232378589,100.0,1.0,9.340231631744864
field_matched,P001,D03,WS-BO,30,2,0.03653199100447378,76.8919637361627,7.712790771009307,9.340231631744864
field_matched,P001,D03,HGS-only,0,0,0.0382239967665523,73.77116382066777,0.15779905762999819,9.340231631744864
field_matched,P001,D03,HGS+BO5,5,0,0.0382239967665523,73.77116382066777,0.15779905762999819,9.340231631744864
field_matched,P001,D03,HGS+BO10,10,0,0.0382239967665523,73.77116382066777,0.15779905762999819,9.340231631744864
field_matched,P001,D04,CS-BO,30,0,0.059173635697266545,26.997544659346612,0.5282583872588439,1.2646052678891624
field_matched,P001,D04,CS-BO,30,1,0.05383685348179818,30.258535433096096,100.0,1.2646052678891624
field_matched,P001,D04,CS-BO,30,2,0.05194323203767283,31.373013882540523,0.5200743803447081,1.2646052678891624
field_matched,P001,D04,WS-BO,30,0,0.05216885405165429,46.76624054426397,32.838987132593246,1.2646052678891624
field_matched,P001,D04,WS-BO,30,1,0.05489961169168128,29.6412002757408,100.0,1.2646052678891624
field_matched,P001,D04,WS-BO,30,2,0.05429051174981856,30.003158844663346,100.0,1.2646052678891624
field_matched,P001,D04,HGS-only,0,0,0.07019824734622063,64.05204821167169,0.08685272414454476,1.2646052678891624
field_matched,P001,D04,HGS+BO5,5,0,0.061853072196700526,120.91291592340859,27.226308648462542,1.2646052678891624
field_matched,P001,D04,HGS+BO10,10,0,0.059173635697266545,26.997544659346612,0.5282583872588439,1.2646052678891624
field_matched,P001,D05,CS-BO,30,0,0.03199798839386625,59.47367082743642,23.48706516607383,13.96948111287363
field_matched,P001,D05,CS-BO,30,1,0.03199771168457563,59.45363589692434,100.0,13.96948111287363
field_matched,P001,D05,CS-BO,30,2,0.03269012446933589,57.96479710886693,100.0,13.96948111287363
field_matched,P001,D05,WS-BO,30,0,0.03292875574563043,81.50119012539145,100.0,13.96948111287363
field_matched,P001,D05,WS-BO,30,1,0.03201713618430552,39.95161544488762,63.8273132072444,13.96948111287363
field_matched,P001,D05,WS-BO,30,2,0.035740157316283536,100.0,1.0,13.96948111287363
field_matched,P001,D05,HGS-only,0,0,0.034122445610624864,79.86037420367589,0.08685272414454476,13.96948111287363
field_matched,P001,D05,HGS+BO5,5,0,0.034122445610624864,79.86037420367589,0.08685272414454476,13.96948111287363
field_matched,P001,D05,HGS+BO10,10,0,0.03223890567993687,83.71542744736819,100.0,13.96948111287363
field_matched,P001,D06,CS-BO,30,0,0.05140461241648916,59.01935532016227,42.19634858405105,2.345839089062105
field_matched,P001,D06,CS-BO,30,1,0.048132606089776646,63.77041954872699,100.0,2.345839089062105
field_matched,P001,D06,CS-BO,30,2,0.05072808420023913,11.139406800286693,4.380340607342478,2.345839089062105
field_matched,P001,D06,WS-BO,30,0,0.04931356268746796,44.18576817928383,100.0,2.345839089062105
field_matched,P001,D06,WS-BO,30,1,0.05363372079371698,75.78323700842887,100.0,2.345839089062105
field_matched,P001,D06,WS-BO,30,2,0.05072808420023913,11.139406800286693,4.380340607342478,2.345839089062105
field_matched,P001,D06,HGS-only,0,0,0.058848632069516814,86.94931935253281,64.29960439858534,2.345839089062105
field_matched,P001,D06,HGS+BO5,5,0,0.055997238616537805,38.64197333556865,0.8933798695047798,2.345839089062105
field_matched,P001,D06,HGS+BO10,10,0,0.05422151522405662,26.997544659346612,0.5282583872588439,2.345839089062105
field_matched,P001,D07,CS-BO,30,0,0.06376225676934362,35.03748942861394,23.743175849656,2.9377351184494094
field_matched,P001,D07,CS-BO,30,1,0.05341826962839785,10.887723084994953,100.0,2.9377351184494094
field_matched,P001,D07,CS-BO,30,2,0.05568346041942584,17.75155962921815,2.5057220786020156,2.9377351184494094
field_matched,P001,D07,WS-BO,30,0,0.06693123202643043,153.2764465253492,13.7463232784069,2.9377351184494094
field_matched,P001,D07,WS-BO,30,1,0.05527838110924003,10.548339012948189,8.415550286955945,2.9377351184494094
field_matched,P001,D07,WS-BO,30,2,0.05898489318597298,16.719915381447834,6.211656779379455,2.9377351184494094
field_matched,P001,D07,HGS-only,0,0,0.07635422153764634,18.77562935470325,42.88329629521348,2.9377351184494094
field_matched,P001,D07,HGS+BO5,5,0,0.06814850588450755,22.18104596197019,26.54261302421588,2.9377351184494094
field_matched,P001,D07,HGS+BO10,10,0,0.06814850588450755,22.18104596197019,26.54261302421588,2.9377351184494094
field_matched,P001,D08,CS-BO,30,0,0.038494127919900784,130.28666549767496,3.3387801373897705,3.2298407541814305
field_matched,P001,D08,CS-BO,30,1,0.03870841324307992,98.8531934484477,100.0,3.2298407541814305
field_matched,P001,D08,CS-BO,30,2,0.03747287279188672,103.14429744600433,4.692527503543168,3.2298407541814305
field_matched,P001,D08,WS-BO,30,0,0.03638658045220583,78.59790630087802,7.351396595130714,3.2298407541814305
field_matched,P001,D08,WS-BO,30,1,0.035277906003643944,38.44133028889169,100.0,3.2298407541814305
field_matched,P001,D08,WS-BO,30,2,0.036874016888486766,77.42528344189596,7.827320151619391,3.2298407541814305
field_matched,P001,D08,HGS-only,0,0,0.053734648146507524,82.94377509335351,0.07119544235093862,3.2298407541814305
field_matched,P001,D08,HGS+BO5,5,0,0.038850296616591,22.18104596197019,26.54261302421588,3.2298407541814305
field_matched,P001,D08,HGS+BO10,10,0,0.037839117309503,101.82887086719794,66.99140476144079,3.2298407541814305
field_matched,P001,D09,CS-BO,30,0,0.04926073369834003,32.14194223507587,100.0,4.059979273275033
field_matched,P001,D09,CS-BO,30,1,0.05135061451476359,87.99995199265481,100.0,4.059979273275033
field_matched,P001,D09,CS-BO,30,2,0.04994807054462115,67.19244892192242,100.0,4.059979273275033
field_matched,P001,D09,WS-BO,30,0,0.050985831840050684,46.50172220836189,0.7941181114860927,4.059979273275033
field_matched,P001,D09,WS-BO,30,1,0.05097458009886051,46.33979109397135,1.6377502542089843,4.059979273275033
field_matched,P001,D09,WS-BO,30,2,0.0501464794748064,66.93861057193119,0.3540405630170335,4.059979273275033
field_matched,P001,D09,HGS-only,0,0,0.05787444567719817,56.82319078846053,0.1402075445257408,4.059979273275033
field_matched,P001,D09,HGS+BO5,5,0,0.057818310416574994,120.91291592340859,27.226308648462542,4.059979273275033
field_matched,P001,D09,HGS+BO10,10,0,0.056996577079656906,26.997544659346612,0.5282583872588439,4.059979273275033
field_matched,P001,D10,CS-BO,30,0,0.037956078653768446,22.18104596197019,26.54261302421588,5.911655175293483
field_matched,P001,D10,CS-BO,30,1,0.03486003474658893,56.38566059921744,100.0,5.911655175293483
field_matched,P001,D10,CS-BO,30,2,0.034739965744103,56.629396559277716,100.0,5.911655175293483
field_matched,P001,D10,WS-BO,30,0,0.03739946642626645,100.0,1.0,5.911655175293483
field_matched,P001,D10,WS-BO,30,1,0.0358049815121139,105.3019827303793,100.0,5.911655175293483
field_matched,P001,D10,WS-BO,30,2,0.03713982450020608,35.12404141103336,0.5401181778890991,5.911655175293483
field_matched,P001,D10,HGS-only,0,0,0.045078366259919296,79.86037420367589,0.08685272414454476,5.911655175293483
field_matched,P001,D10,HGS+BO5,5,0,0.037956078653768446,22.18104596197019,26.54261302421588,5.911655175293483
field_matched,P001,D10,HGS+BO10,10,0,0.03665188549275138,102.25033561847745,45.79034189835973,5.911655175293483
field_matched,P049,D01,CS-BO,30,0,0.08727834289324381,86.80278738230906,10.187074730975212,7.619369104199569
field_matched,P049,D01,CS-BO,30,1,0.08770705923246717,84.70195450213697,1.5266429838188433,7.619369104199569
field_matched,P049,D01,CS-BO,30,2,0.08831928071797977,81.25261976653411,100.0,7.619369104199569
field_matched,P049,D01,WS-BO,30,0,0.08770984477115225,120.91291592340859,27.226308648462542,7.619369104199569
field_matched,P049,D01,WS-BO,30,1,0.08796459035924355,117.67947888424887,96.7968967665631,7.619369104199569
field_matched,P049,D01,WS-BO,30,2,0.08780496421318228,119.5384642522795,100.0,7.619369104199569
field_matched,P049,D01,HGS-only,0,0,0.08863393087165769,108.56161334458803,65.83128195918282,7.619369104199569
field_matched,P049,D01,HGS+BO5,5,0,0.08770984477115225,120.91291592340859,27.226308648462542,7.619369104199569
field_matched,P049,D01,HGS+BO10,10,0,0.08770984477115225,120.91291592340859,27.226308648462542,7.619369104199569
field_matched,P049,D02,CS-BO,30,0,0.09698531571746974,101.30577763480558,100.0,7.570420637724454
field_matched,P049,D02,CS-BO,30,1,0.09610332147724764,77.8823542154625,100.0,7.570420637724454
field_matched,P049,D02,CS-BO,30,2,0.09651025533617226,76.51752125392284,100.0,7.570420637724454
field_matched,P049,D02,WS-BO,30,0,0.09725900761154459,100.0,1.0,7.570420637724454
field_matched,P049,D02,WS-BO,30,1,0.09609282978014892,109.21498635544245,100.0,7.570420637724454
field_matched,P049,D02,WS-BO,30,2,0.09641176850499379,105.89112810952638,100.0,7.570420637724454
field_matched,P049,D02,HGS-only,0,0,0.0986366146821694,137.0279132042087,71.56567250849172,7.570420637724454
field_matched,P049,D02,HGS+BO5,5,0,0.0986366146821694,137.0279132042087,71.56567250849172,7.570420637724454
field_matched,P049,D02,HGS+BO10,10,0,0.0986366146821694,137.0279132042087,71.56567250849172,7.570420637724454
field_matched,P049,D03,CS-BO,30,0,0.08118647950340828,90.73583870339795,100.0,7.56548828095754
field_matched,P049,D03,CS-BO,30,1,0.08116329644218996,91.33602427398385,1.500167934840381,7.56548828095754
field_matched,P049,D03,CS-BO,30,2,0.08126848306420308,90.27722261294679,100.0,7.56548828095754
field_matched,P049,D03,WS-BO,30,0,0.08189805935872407,120.91291592340859,27.226308648462542,7.56548828095754
field_matched,P049,D03,WS-BO,30,1,0.08128136903340975,89.8549981774394,86.37444486266449,7.56548828095754
field_matched,P049,D03,WS-BO,30,2,0.08144655351375346,89.010979818066,100.0,7.56548828095754
field_matched,P049,D03,HGS-only,0,0,0.08236906809749374,114.21014145380961,90.08034731137494,7.56548828095754
field_matched,P049,D03,HGS+BO5,5,0,0.08189805935872407,120.91291592340859,27.226308648462542,7.56548828095754
field_matched,P049,D03,HGS+BO10,10,0,0.08189805935872407,120.91291592340859,27.226308648462542,7.56548828095754
field_matched,P049,D04,CS-BO,30,0,0.10792842855170139,70.71518671425575,15.898786424390202,7.392892772355116
field_matched,P049,D04,CS-BO,30,1,0.10680457195030883,74.88128294848592,0.979036719837521,7.392892772355116
field_matched,P049,D04,CS-BO,30,2,0.10667087848366343,74.53345991040597,100.0,7.392892772355116
field_matched,P049,D04,WS-BO,30,0,0.10752521589492624,100.0,1.0,7.392892772355116
field_matched,P049,D04,WS-BO,30,1,0.10752521589492624,100.0,1.0,7.392892772355116
field_matched,P049,D04,WS-BO,30,2,0.10752521589492624,100.0,1.0,7.392892772355116
field_matched,P049,D04,HGS-only,0,0,0.11017958130084796,124.14464153405261,100.00000000000004,7.392892772355116
field_matched,P049,D04,HGS+BO5,5,0,0.11017958130084796,124.14464153405261,100.00000000000004,7.392892772355116
field_matched,P049,D04,HGS+BO10,10,0,0.11017958130084796,124.14464153405261,100.00000000000004,7.392892772355116
field_matched,P049,D05,CS-BO,30,0,0.07651083831514766,92.50155895964527,5.015674967251594,7.418012550240609
field_matched,P049,D05,CS-BO,30,1,0.0760517552906242,96.51377694906564,1.7912937729648728,7.418012550240609
field_matched,P049,D05,CS-BO,30,2,0.07673567165947301,131.3182157971259,100.0,7.418012550240609
field_matched,P049,D05,WS-BO,30,0,0.07679875513125321,129.2784811784229,100.0,7.418012550240609
field_matched,P049,D05,WS-BO,30,1,0.07683456700840245,128.3354569414312,100.0,7.418012550240609
field_matched,P049,D05,WS-BO,30,2,0.07701935694263724,88.93231987390286,100.0,7.418012550240609
field_matched,P049,D05,HGS-only,0,0,0.07712597622180503,121.95109594531922,22.74824131661447,7.418012550240609
field_matched,P049,D05,HGS+BO5,5,0,0.07712597622180503,121.95109594531922,22.74824131661447,7.418012550240609
field_matched,P049,D05,HGS+BO10,10,0,0.07712597622180503,121.95109594531922,22.74824131661447,7.418012550240609
field_matched,P049,D06,CS-BO,30,0,0.10274318722597796,61.36599797939698,52.14786591006809,7.696882140155356
field_matched,P049,D06,CS-BO,30,1,0.10286870071121224,60.98612260499744,100.0,7.696882140155356
field_matched,P049,D06,CS-BO,30,2,0.10304646229230717,83.11526512714907,100.0,7.696882140155356
field_matched,P049,D06,WS-BO,30,0,0.10298322963642617,60.81742465869669,16.842019742248937,7.696882140155356
field_matched,P049,D06,WS-BO,30,1,0.10348954632265031,80.37262876895294,98.10471816718596,7.696882140155356
field_matched,P049,D06,WS-BO,30,2,0.10414544761616878,57.852753399854464,100.0,7.696882140155356
field_matched,P049,D06,HGS-only,0,0,0.10540061562726614,71.78494187729333,6.140832408069633,7.696882140155356
field_matched,P049,D06,HGS+BO5,5,0,0.10540061562726614,71.78494187729333,6.140832408069633,7.696882140155356
field_matched,P049,D06,HGS+BO10,10,0,0.10540061562726614,71.78494187729333,6.140832408069633,7.696882140155356
field_matched,P049,D07,CS-BO,30,0,0.11038790501742884,53.49958973476036,17.753517565444575,8.159660509718405
field_matched,P049,D07,CS-BO,30,1,0.11357860736450581,48.17655679165405,8.21306460450487,8.159660509718405
field_matched,P049,D07,CS-BO,30,2,0.11191354142947063,68.06543513807944,12.015119737090798,8.159660509718405
field_matched,P049,D07,WS-BO,30,0,0.11120029369336742,53.56686223477197,0.21509728485620946,8.159660509718405
field_matched,P049,D07,WS-BO,30,1,0.11132613165599646,51.81059279665132,86.61126608439464,8.159660509718405
field_matched,P049,D07,WS-BO,30,2,0.11268967055450028,65.44073277970689,100.0,8.159660509718405
field_matched,P049,D07,HGS-only,0,0,0.11525554462840751,58.29157221817432,34.95223044618922,8.159660509718405
field_matched,P049,D07,HGS+BO5,5,0,0.11525554462840751,58.29157221817432,34.95223044618922,8.159660509718405
field_matched,P049,D07,HGS+BO10,10,0,0.11525554462840751,58.29157221817432,34.95223044618922,8.159660509718405
field_matched,P049,D08,CS-BO,30,0,0.08666543759243249,88.01843846465661,24.36006622933708,8.077461786691906
field_matched,P049,D08,CS-BO,30,1,0.08710591906343751,119.21276388977428,100.0,8.077461786691906
field_matched,P049,D08,CS-BO,30,2,0.08781913337514738,110.97002118471109,100.0,8.077461786691906
field_matched,P049,D08,WS-BO,30,0,0.08699599837394216,120.91291592340859,27.226308648462542,8.077461786691906
field_matched,P049,D08,WS-BO,30,1,0.08735243631517807,116.25007112715627,83.16914322580361,8.077461786691906
field_matched,P049,D08,WS-BO,30,2,0.08646887860171298,89.18900835714079,100.0,8.077461786691906
field_matched,P049,D08,HGS-only,0,0,0.08962672737725225,142.5319969161571,2.635359625556668,8.077461786691906
field_matched,P049,D08,HGS+BO5,5,0,0.08699599837394216,120.91291592340859,27.226308648462542,8.077461786691906
field_matched,P049,D08,HGS+BO10,10,0,0.08699599837394216,120.91291592340859,27.226308648462542,8.077461786691906
field_matched,P049,D09,CS-BO,30,0,0.09716272054569754,106.11877133839035,1.9814271090763138,7.145620575818226
field_matched,P049,D09,CS-BO,30,1,0.09630400266960845,78.17440973708037,100.0,7.145620575818226
field_matched,P049,D09,CS-BO,30,2,0.09677980463842577,76.38387389122875,100.0,7.145620575818226
field_matched,P049,D09,WS-BO,30,0,0.09686370376356822,109.92054867201185,0.834890336725968,7.145620575818226
field_matched,P049,D09,WS-BO,30,1,0.09688735045288291,108.60428006589063,100.0,7.145620575818226
field_matched,P049,D09,WS-BO,30,2,0.09689737743307833,75.62679439669577,100.0,7.145620575818226
field_matched,P049,D09,HGS-only,0,0,0.09787065350608463,99.5702642774973,0.6786381550512351,7.145620575818226
field_matched,P049,D09,HGS+BO5,5,0,0.09785555199416107,98.9460814329043,1.1793186984989021,7.145620575818226
field_matched,P049,D09,HGS+BO10,10,0,0.09785555199416107,98.9460814329043,1.1793186984989021,7.145620575818226
field_matched,P049,D10,CS-BO,30,0,0.08021585041487998,88.80187484603869,5.872057546004123,8.325443195629031
field_matched,P049,D10,CS-BO,30,1,0.08052822422736328,121.30308277901756,1.959609678423565,8.325443195629031
field_matched,P049,D10,CS-BO,30,2,0.08022860157150691,125.4533143625078,100.0,8.325443195629031
field_matched,P049,D10,WS-BO,30,0,0.08047620953395886,120.91291592340859,27.226308648462542,8.325443195629031
field_matched,P049,D10,WS-BO,30,1,0.08001862019707986,89.8549981774394,86.37444486266449,8.325443195629031
field_matched,P049,D10,WS-BO,30,2,0.08018490703331257,89.19727924465514,100.0,8.325443195629031
field_matched,P049,D10,HGS-only,0,0,0.08248390254786626,153.63161292691163,29.348501953644494,8.325443195629031
field_matched,P049,D10,HGS+BO5,5,0,0.08047620953395886,120.91291592340859,27.226308648462542,8.325443195629031
field_matched,P049,D10,HGS+BO10,10,0,0.08047620953395886,120.91291592340859,27.226308648462542,8.325443195629031
field_matched,P053,D01,CS-BO,30,0,0.6135725555607303,153.55082478988692,100.0,12.07681612073533
field_matched,P053,D01,CS-BO,30,1,0.6128843016549627,143.93136916257617,93.76541067058852,12.07681612073533
field_matched,P053,D01,CS-BO,30,2,0.6133897893214388,139.88492515961542,90.27633655593255,12.07681612073533
field_matched,P053,D01,WS-BO,30,0,0.6132159013019454,140.9396239680247,100.0,12.07681612073533
field_matched,P053,D01,WS-BO,30,1,0.6132161963523114,140.93949300398307,93.5475458237066,12.07681612073533
field_matched,P053,D01,WS-BO,30,2,0.6129026567537914,143.69369669372017,100.0,12.07681612073533
field_matched,P053,D01,HGS-only,0,0,0.6191232178275794,184.0925780605126,24.550259037088242,12.07681612073533
field_matched,P053,D01,HGS+BO5,5,0,0.6189018072825205,183.32836539792632,73.65077711126472,12.07681612073533
field_matched,P053,D01,HGS+BO10,10,0,0.6189018072825205,183.32836539792632,73.65077711126472,12.07681612073533
field_matched,P053,D02,CS-BO,30,0,0.6670215080115612,132.88415241609337,100.0,11.926112466176669
field_matched,P053,D02,CS-BO,30,1,0.667261671551749,131.4576912428363,92.06415702543602,11.926112466176669
field_matched,P053,D02,CS-BO,30,2,0.667277125977501,131.35334699295393,100.0,11.926112466176669
field_matched,P053,D02,WS-BO,30,0,0.6671086607178882,132.22190065215705,100.0,11.926112466176669
field_matched,P053,D02,WS-BO,30,1,0.6669544115667515,133.43900077403447,100.0,11.926112466176669
field_matched,P053,D02,WS-BO,30,2,0.6671118258398276,132.1994046979825,98.60057558873125,11.926112466176669
field_matched,P053,D02,HGS-only,0,0,0.6772542125107951,180.24605256194064,89.882966212759,11.926112466176669
field_matched,P053,D02,HGS+BO5,5,0,0.6702550053096863,120.91291592340859,27.226308648462542,11.926112466176669
field_matched,P053,D02,HGS+BO10,10,0,0.6702550053096863,120.91291592340859,27.226308648462542,11.926112466176669
field_matched,P053,D03,CS-BO,30,0,0.5716299848922985,150.21295052014892,100.0,12.15823574290932
field_matched,P053,D03,CS-BO,30,1,0.5715824787593261,150.7927980938455,98.91974847508381,12.15823574290932
field_matched,P053,D03,CS-BO,30,2,0.5719704876522497,147.28517089224687,100.0,12.15823574290932
field_matched,P053,D03,WS-BO,30,0,0.5714583769192614,152.03230655530763,100.0,12.15823574290932
field_matched,P053,D03,WS-BO,30,1,0.5715687441175139,150.97083387826004,97.82850819131461,12.15823574290932
field_matched,P053,D03,WS-BO,30,2,0.5713387745600107,153.57002726788616,100.0,12.15823574290932
field_matched,P053,D03,HGS-only,0,0,0.5772493867911461,192.98547214807598,100.00000000000004,12.15823574290932
field_matched,P053,D03,HGS+BO5,5,0,0.5772493867911461,192.98547214807598,100.00000000000004,12.15823574290932
field_matched,P053,D03,HGS+BO10,10,0,0.5772493867911461,192.98547214807598,100.00000000000004,12.15823574290932
field_matched,P053,D04,CS-BO,30,0,0.7417667166978121,120.91291592340859,27.226308648462542,11.65082435973601
field_matched,P053,D04,CS-BO,30,1,0.7419226051920675,120.04020047187174,97.54029260505598,11.65082435973601
field_matched,P053,D04,CS-BO,30,2,0.7422621161207699,134.87931973724065,100.0,11.65082435973601
field_matched,P053,D04,WS-BO,30,0,0.7417667166978121,120.91291592340859,27.226308648462542,11.65082435973601
field_matched,P053,D04,WS-BO,30,1,0.7420319422899224,119.74432438716366,100.0,11.65082435973601
field_matched,P053,D04,WS-BO,30,2,0.7421610746212111,131.45848979852232,100.0,11.65082435973601
field_matched,P053,D04,HGS-only,0,0,0.7533759666551273,168.1603643610616,31.72018181688572,11.65082435973601
field_matched,P053,D04,HGS+BO5,5,0,0.7417667166978121,120.91291592340859,27.226308648462542,11.65082435973601
field_matched,P053,D04,HGS+BO10,10,0,0.7417667166978121,120.91291592340859,27.226308648462542,11.65082435973601
field_matched,P053,D05,CS-BO,30,0,0.5383200763675823,159.56715595856426,100.0,12.197406707196343
field_matched,P053,D05,CS-BO,30,1,0.5381437289204197,162.7739190799726,100.0,12.197406707196343
field_matched,P053,D05,CS-BO,30,2,0.5381510179994617,162.40371214956156,100.0,12.197406707196343
field_matched,P053,D05,WS-BO,30,0,0.5385161507104479,157.02307106977028,100.0,12.197406707196343
field_matched,P053,D05,WS-BO,30,1,0.5381512512400511,162.40751788900917,90.82549034386916,12.197406707196343
field_matched,P053,D05,WS-BO,30,2,0.5381476902412377,162.56428554736252,100.0,12.197406707196343
field_matched,P053,D05,HGS-only,0,0,0.5428588599756986,197.21911616480534,51.69352196140495,12.197406707196343
field_matched,P053,D05,HGS+BO5,5,0,0.5428588599756986,197.21911616480534,51.69352196140495,12.197406707196343
field_matched,P053,D05,HGS+BO10,10,0,0.5428588599756986,197.21911616480534,51.69352196140495,12.197406707196343
field_matched,P053,D06,CS-BO,30,0,0.6299231185069538,155.20181490581413,100.0,12.522470287846431
field_matched,P053,D06,CS-BO,30,1,0.629979567150172,151.6571079047885,100.0,12.522470287846431
field_matched,P053,D06,CS-BO,30,2,0.6299071932403683,154.47556378380543,90.52020975946219,12.522470287846431
field_matched,P053,D06,WS-BO,30,0,0.6299229368598669,156.435280386551,100.0,12.522470287846431
field_matched,P053,D06,WS-BO,30,1,0.6299403203100558,155.77562761330145,93.86328386039206,12.522470287846431
field_matched,P053,D06,WS-BO,30,2,0.6299077704438729,154.53086429342656,100.0,12.522470287846431
field_matched,P053,D06,HGS-only,0,0,0.6432427211336306,209.5752353574224,35.385434733163656,12.522470287846431
field_matched,P053,D06,HGS+BO5,5,0,0.637848602737711,120.91291592340859,27.226308648462542,12.522470287846431
field_matched,P053,D06,HGS+BO10,10,0,0.637848602737711,120.91291592340859,27.226308648462542,12.522470287846431
field_matched,P053,D07,CS-BO,30,0,0.6143526787059596,171.21198593256653,100.0,13.236438717440965
field_matched,P053,D07,CS-BO,30,1,0.6143438345071817,170.96255622645594,100.0,13.236438717440965
field_matched,P053,D07,CS-BO,30,2,0.6143501045769901,166.76367965190053,100.0,13.236438717440965
field_matched,P053,D07,WS-BO,30,0,0.6143554822862537,167.71065765218427,100.0,13.236438717440965
field_matched,P053,D07,WS-BO,30,1,0.6143954252128961,173.1465706588169,100.0,13.236438717440965
field_matched,P053,D07,WS-BO,30,2,0.6143562856308054,167.79277269682478,100.0,13.236438717440965
field_matched,P053,D07,HGS-only,0,0,0.6287848368552911,237.60191049605703,28.431482402821242,13.236438717440965
field_matched,P053,D07,HGS+BO5,5,0,0.6257663328685393,120.91291592340859,27.226308648462542,13.236438717440965
field_matched,P053,D07,HGS+BO10,10,0,0.6257663328685393,120.91291592340859,27.226308648462542,13.236438717440965
field_matched,P053,D08,CS-BO,30,0,0.6292188020192424,136.85654055132213,100.0,12.253021435243138
field_matched,P053,D08,CS-BO,30,1,0.6290690595944111,137.6416334609652,98.15497038822663,12.253021435243138
field_matched,P053,D08,CS-BO,30,2,0.6292538736584472,136.61946909495765,100.0,12.253021435243138
field_matched,P053,D08,WS-BO,30,0,0.6287313818543174,140.27664346777686,100.0,12.253021435243138
field_matched,P053,D08,WS-BO,30,1,0.629362863244521,146.44616119494893,100.0,12.253021435243138
field_matched,P053,D08,WS-BO,30,2,0.6293641366015507,146.26070341434482,98.58199318931987,12.253021435243138
field_matched,P053,D08,HGS-only,0,0,0.638527108193591,187.67420029983643,28.234749716372793,12.253021435243138
field_matched,P053,D08,HGS+BO5,5,0,0.6342215741212233,120.91291592340859,27.226308648462542,12.253021435243138
field_matched,P053,D08,HGS+BO10,10,0,0.6342215741212233,120.91291592340859,27.226308648462542,12.253021435243138
field_matched,P053,D09,CS-BO,30,0,0.6475466166105045,137.1467644855935,100.0,11.784836401443833
field_matched,P053,D09,CS-BO,30,1,0.647437080596292,137.871123349477,98.11995685575447,11.784836401443833
field_matched,P053,D09,CS-BO,30,2,0.6478359293807842,135.04008276405736,100.0,11.784836401443833
field_matched,P053,D09,WS-BO,30,0,0.6482537016549853,148.27417902668506,100.0,11.784836401443833
field_matched,P053,D09,WS-BO,30,1,0.647434959121659,137.8953390659147,97.34956430155503,11.784836401443833
field_matched,P053,D09,WS-BO,30,2,0.6475133517462413,137.48586000613378,100.0,11.784836401443833
field_matched,P053,D09,HGS-only,0,0,0.6512812787463177,168.1603643610616,31.72018181688572,11.784836401443833
field_matched,P053,D09,HGS+BO5,5,0,0.6512812787463177,168.1603643610616,31.72018181688572,11.784836401443833
field_matched,P053,D09,HGS+BO10,10,0,0.6512812787463177,168.1603643610616,31.72018181688572,11.784836401443833
field_matched,P053,D10,CS-BO,30,0,0.5699571082574503,148.59511714853537,100.0,12.84597417164098
field_matched,P053,D10,CS-BO,30,1,0.5702652646557214,146.10475917776324,100.0,12.84597417164098
field_matched,P053,D10,CS-BO,30,2,0.569834544711328,149.58609304109265,97.1216676860436,12.84597417164098
field_matched,P053,D10,WS-BO,30,0,0.5704082067023396,159.7088049524377,100.0,12.84597417164098
field_matched,P053,D10,WS-BO,30,1,0.5703908994013487,156.68069240421784,91.53263146533193,12.84597417164098
field_matched,P053,D10,WS-BO,30,2,0.5702459651723283,146.26070341434482,98.58199318931987,12.84597417164098
field_matched,P053,D10,HGS-only,0,0,0.5782003497488569,197.21911616480534,51.69352196140495,12.84597417164098
field_matched,P053,D10,HGS+BO5,5,0,0.5782003497488569,197.21911616480534,51.69352196140495,12.84597417164098
field_matched,P053,D10,HGS+BO10,10,0,0.5782003497488569,197.21911616480534,51.69352196140495,12.84597417164098
field_matched,P158,D01,CS-BO,30,0,0.27763752865944247,196.7112014726254,100.0,12.910496369015503
field_matched,P158,D01,CS-BO,30,1,0.2775961455010491,198.62734780817968,27.009011565169455,12.910496369015503
field_matched,P158,D01,CS-BO,30,2,0.2775844336685441,203.3837371609649,100.0,12.910496369015503
field_matched,P158,D01,WS-BO,30,0,0.2775872089545584,200.00631490445758,100.0,12.910496369015503
field_matched,P158,D01,WS-BO,30,1,0.27758836766038114,199.52446060664022,100.0,12.910496369015503
field_matched,P158,D01,WS-BO,30,2,0.27759550383203,204.15736981608026,100.0,12.910496369015503
field_matched,P158,D01,HGS-only,0,0,0.27779677834710553,211.478189196986,48.28795720888478,12.910496369015503
field_matched,P158,D01,HGS+BO5,5,0,0.27779677834710553,211.478189196986,48.28795720888478,12.910496369015503
field_matched,P158,D01,HGS+BO10,10,0,0.27779677834710553,211.478189196986,48.28795720888478,12.910496369015503
field_matched,P158,D02,CS-BO,30,0,0.3004062679130945,192.02553528494633,100.0,11.922684530506247
field_matched,P158,D02,CS-BO,30,1,0.3004162533230453,193.9989469422575,99.38103409744255,11.922684530506247
field_matched,P158,D02,CS-BO,30,2,0.3004160495228925,193.98997359278752,100.0,11.922684530506247
field_matched,P158,D02,WS-BO,30,0,0.3004121349638681,192.46022375421566,100.0,11.922684530506247
field_matched,P158,D02,WS-BO,30,1,0.3004173147419794,188.42376459776534,93.10318898846012,11.922684530506247
field_matched,P158,D02,WS-BO,30,2,0.3004153488692264,192.6733942620916,99.53943570543079,11.922684530506247
field_matched,P158,D02,HGS-only,0,0,0.3011676037110426,203.59070766317427,3.833852431436939,11.922684530506247
field_matched,P158,D02,HGS+BO5,5,0,0.30057348007816964,199.0932560149536,11.501557294310816,11.922684530506247
field_matched,P158,D02,HGS+BO10,10,0,0.30057348007816964,199.0932560149536,11.501557294310816,11.922684530506247
field_matched,P158,D03,CS-BO,30,0,0.2601644911307098,209.14822460918975,1.8477945666070625,22.10873112025487
field_matched,P158,D03,CS-BO,30,1,0.26010621955701174,212.2847351227532,100.0,22.10873112025487
field_matched,P158,D03,CS-BO,30,2,0.26010609904782434,212.2602834694418,88.47393624027646,22.10873112025487
field_matched,P158,D03,WS-BO,30,0,0.2600954840797237,210.8456278946123,100.0,22.10873112025487
field_matched,P158,D03,WS-BO,30,1,0.2601146431392041,208.65076083777618,97.57924418931285,22.10873112025487
field_matched,P158,D03,WS-BO,30,2,0.26011330883593803,209.83599360669353,96.66328543847209,22.10873112025487
field_matched,P158,D03,HGS-only,0,0,0.26023325878039444,218.96489318737952,42.053915446407224,22.10873112025487
field_matched,P158,D03,HGS+BO5,5,0,0.26023325878039444,218.96489318737952,42.053915446407224,22.10873112025487
field_matched,P158,D03,HGS+BO10,10,0,0.26023325878039444,218.96489318737952,42.053915446407224,22.10873112025487
field_matched,P158,D04,CS-BO,30,0,0.33201420510135693,174.23762407460936,100.0,11.601934805150114
field_matched,P158,D04,CS-BO,30,1,0.33199727384992844,179.0449096098842,100.0,11.601934805150114
field_matched,P158,D04,CS-BO,30,2,0.3320103846878721,174.56909334537232,96.04767499227843,11.601934805150114
field_matched,P158,D04,WS-BO,30,0,0.3320039921781052,175.33010311561628,100.0,11.601934805150114
field_matched,P158,D04,WS-BO,30,1,0.33200156866234354,175.9142189404019,100.0,11.601934805150114
field_matched,P158,D04,WS-BO,30,2,0.33199942702589774,179.1711327834621,98.03857643745518,11.601934805150114
field_matched,P158,D04,HGS-only,0,0,0.3327453855369173,187.67420029983643,28.234749716372793,11.601934805150114
field_matched,P158,D04,HGS+BO5,5,0,0.3327453855369173,187.67420029983643,28.234749716372793,11.601934805150114
field_matched,P158,D04,HGS+BO10,10,0,0.3327453855369173,187.67420029983643,28.234749716372793,11.601934805150114
field_matched,P158,D05,CS-BO,30,0,0.24618932159765294,223.24611096115981,100.0,34.99924914369791
field_matched,P158,D05,CS-BO,30,1,0.24615542909911522,220.9822318223116,96.75735711596833,34.99924914369791
field_matched,P158,D05,CS-BO,30,2,0.24613690644004924,218.36281364470562,100.0,34.99924914369791
field_matched,P158,D05,WS-BO,30,0,0.2462489338262695,226.56872380846798,100.0,34.99924914369791
field_matched,P158,D05,WS-BO,30,1,0.24614277301714138,219.58433735088184,94.60997106417852,34.99924914369791
field_matched,P158,D05,WS-BO,30,2,0.2461429051902788,219.6057554105982,96.08182604688645,34.99924914369791
field_matched,P158,D05,HGS-only,0,0,0.2461403312933688,218.96489318737952,42.053915446407224,34.99924914369791
field_matched,P158,D05,HGS+BO5,5,0,0.2461403312933688,218.96489318737952,42.053915446407224,34.99924914369791
field_matched,P158,D05,HGS+BO10,10,0,0.2461403312933688,218.96489318737952,42.053915446407224,34.99924914369791
field_matched,P158,D06,CS-BO,30,0,0.29925779166905675,179.2018127311207,100.0,14.287057552689822
field_matched,P158,D06,CS-BO,30,1,0.29926243234105765,178.35115131389983,98.65374889535342,14.287057552689822
field_matched,P158,D06,CS-BO,30,2,0.2994344882895522,173.22279427287097,100.0,14.287057552689822
field_matched,P158,D06,WS-BO,30,0,0.299257190810593,179.49223853556848,100.0,14.287057552689822
field_matched,P158,D06,WS-BO,30,1,0.2992638344187504,178.18319438846282,100.0,14.287057552689822
field_matched,P158,D06,WS-BO,30,2,0.2992767970023625,183.6561935209456,97.78126477701421,14.287057552689822
field_matched,P158,D06,HGS-only,0,0,0.3004105858987378,197.21911616480534,51.69352196140495,14.287057552689822
field_matched,P158,D06,HGS+BO5,5,0,0.3004105858987378,197.21911616480534,51.69352196140495,14.287057552689822
field_matched,P158,D06,HGS+BO10,10,0,0.3004105858987378,197.21911616480534,51.69352196140495,14.287057552689822
field_matched,P158,D07,CS-BO,30,0,0.30513936345256637,173.01882871696083,100.0,15.873243703188662
field_matched,P158,D07,CS-BO,30,1,0.3051204634963596,175.35469820250486,97.70680640067327,15.873243703188662
field_matched,P158,D07,CS-BO,30,2,0.3051490616598564,171.80380471022434,99.29487951200778,15.873243703188662
field_matched,P158,D07,WS-BO,30,0,0.3051294600149778,176.0569509199606,100.0,15.873243703188662
field_matched,P158,D07,WS-BO,30,1,0.30512193035688007,175.48059874738604,93.14235597168417,15.873243703188662
field_matched,P158,D07,WS-BO,30,2,0.3051326775488553,177.5723242055163,100.0,15.873243703188662
field_matched,P158,D07,HGS-only,0,0,0.30690715555574194,196.1766677236589,100.00000000000004,15.873243703188662
field_matched,P158,D07,HGS+BO5,5,0,0.30690715555574194,196.1766677236589,100.00000000000004,15.873243703188662
field_matched,P158,D07,HGS+BO10,10,0,0.30690715555574194,196.1766677236589,100.00000000000004,15.873243703188662
field_matched,P158,D08,CS-BO,30,0,0.28482954632710805,196.91317823693467,100.0,12.352257416670708
field_matched,P158,D08,CS-BO,30,1,0.2848161553206762,198.62734780817968,27.009011565169455,12.352257416670708
field_matched,P158,D08,CS-BO,30,2,0.2848401904074187,200.84981032925813,100.0,12.352257416670708
field_matched,P158,D08,WS-BO,30,0,0.28481028372241757,198.20620620256346,100.0,12.352257416670708
field_matched,P158,D08,WS-BO,30,1,0.2848161553206762,198.62734780817968,27.009011565169455,12.352257416670708
field_matched,P158,D08,WS-BO,30,2,0.28486890692446665,203.18892229690874,100.0,12.352257416670708
field_matched,P158,D08,HGS-only,0,0,0.2856758303669684,213.8011269861269,8.033499619156235,12.352257416670708
field_matched,P158,D08,HGS+BO5,5,0,0.2855275785504096,212.05300914698975,24.1004988574687,12.352257416670708
field_matched,P158,D08,HGS+BO10,10,0,0.2855275785504096,212.05300914698975,24.1004988574687,12.352257416670708
field_matched,P158,D09,CS-BO,30,0,0.291603775154893,193.28845319920694,100.0,12.487284933712237
field_matched,P158,D09,CS-BO,30,1,0.2916115041466379,196.97255377267345,85.15347185641848,12.487284933712237
field_matched,P158,D09,CS-BO,30,2,0.2916418742377941,198.49282161612217,100.0,12.487284933712237
field_matched,P158,D09,WS-BO,30,0,0.29161159200357456,196.9904877976338,100.0,12.487284933712237
field_matched,P158,D09,WS-BO,30,1,0.2916483784025299,198.62734780817968,27.009011565169455,12.487284933712237
field_matched,P158,D09,WS-BO,30,2,0.2916047771117683,192.6733942620916,99.53943570543079,12.487284933712237
field_matched,P158,D09,HGS-only,0,0,0.29232806870245603,207.98358256883728,20.87393289298532,12.487284933712237
field_matched,P158,D09,HGS+BO5,5,0,0.2918255060614903,203.59070766317427,3.833852431436939,12.487284933712237
field_matched,P158,D09,HGS+BO10,10,0,0.2918255060614903,203.59070766317427,3.833852431436939,12.487284933712237
field_matched,P158,D10,CS-BO,30,0,0.26135969254940117,204.84450485127786,1.7201408726367018,15.555830531422027
field_matched,P158,D10,CS-BO,30,1,0.26128740700928715,208.34637968463176,95.65721059619186,15.555830531422027
field_matched,P158,D10,CS-BO,30,2,0.2612735977550089,209.83599360669353,96.66328543847209,15.555830531422027
field_matched,P158,D10,WS-BO,30,0,0.2612698845060297,209.29234336184558,100.0,15.555830531422027
field_matched,P158,D10,WS-BO,30,1,0.26128775408155713,208.48844960612485,95.54029577328815,15.555830531422027
field_matched,P158,D10,WS-BO,30,2,0.2612869703091277,207.4402613511548,100.0,15.555830531422027
field_matched,P158,D10,HGS-only,0,0,0.26199751216867956,224.4763882347893,12.187483089306772,15.555830531422027
field_matched,P158,D10,HGS+BO5,5,0,0.26199751216867956,224.4763882347893,12.187483089306772,15.555830531422027
field_matched,P158,D10,HGS+BO10,10,0,0.26199751216867956,224.4763882347893,12.187483089306772,15.555830531422027
field_matched,P186,D01,CS-BO,30,0,0.7562004210551077,180.87236896009688,100.0,38.96663951498785
field_matched,P186,D01,CS-BO,30,1,0.7562031998596335,180.783281026145,100.0,38.96663951498785
field_matched,P186,D01,CS-BO,30,2,0.7562743812331629,187.52292327923269,100.0,38.96663951498785
field_matched,P186,D01,WS-BO,30,0,0.7563072484411528,178.9838596669672,99.88206473097817,38.96663951498785
field_matched,P186,D01,WS-BO,30,1,0.7561675638457207,183.1704082464621,75.64416249919732,38.96663951498785
field_matched,P186,D01,WS-BO,30,2,0.7561692803763845,183.696607552682,100.0,38.96663951498785
field_matched,P186,D01,HGS-only,0,0,0.7562894338732465,187.67420029983643,28.234749716372793,38.96663951498785
field_matched,P186,D01,HGS+BO5,5,0,0.7562894338732465,187.67420029983643,28.234749716372793,38.96663951498785
field_matched,P186,D01,HGS+BO10,10,0,0.7562894338732465,187.67420029983643,28.234749716372793,38.96663951498785
field_matched,P186,D02,CS-BO,30,0,0.8202522050964193,172.36652372115663,100.0,17.997480088982993
field_matched,P186,D02,CS-BO,30,1,0.820255727023137,171.96105870076556,93.70929743783074,17.997480088982993
field_matched,P186,D02,CS-BO,30,2,0.8202506969876506,174.44136710554653,98.91547821618931,17.997480088982993
field_matched,P186,D02,WS-BO,30,0,0.8204461818176748,178.27980771683093,100.0,17.997480088982993
field_matched,P186,D02,WS-BO,30,1,0.8202522237548893,172.96026529212992,95.95358456645691,17.997480088982993
field_matched,P186,D02,WS-BO,30,2,0.8202484670392587,174.3611357930124,100.0,17.997480088982993
field_matched,P186,D02,HGS-only,0,0,0.8210440331957976,183.32836539792632,73.65077711126472,17.997480088982993
field_matched,P186,D02,HGS+BO5,5,0,0.8210440331957976,183.32836539792632,73.65077711126472,17.997480088982993
field_matched,P186,D02,HGS+BO10,10,0,0.8210440331957976,183.32836539792632,73.65077711126472,17.997480088982993
field_matched,P186,D03,CS-BO,30,0,0.7071713320233766,193.7457585995786,100.0,38.9283778464616
field_matched,P186,D03,CS-BO,30,1,0.7071760314757265,191.47285320936496,99.3513970168476,38.9283778464616
field_matched,P186,D03,CS-BO,30,2,0.7071751915818438,191.64702660789595,99.8366121901106,38.9283778464616
field_matched,P186,D03,WS-BO,30,0,0.7071897203146466,190.3706743207789,100.0,38.9283778464616
field_matched,P186,D03,WS-BO,30,1,0.7071659015654616,193.46555363086586,100.0,38.9283778464616
field_matched,P186,D03,WS-BO,30,2,0.7071844536685726,194.28879401773108,100.0,38.9283778464616
field_matched,P186,D03,HGS-only,0,0,0.7073154291960404,197.21911616480534,51.69352196140495,38.9283778464616
field_matched,P186,D03,HGS+BO5,5,0,0.7073154291960404,197.21911616480534,51.69352196140495,38.9283778464616
field_matched,P186,D03,HGS+BO10,10,0,0.7073154291960404,197.21911616480534,51.69352196140495,38.9283778464616
field_matched,P186,D04,CS-BO,30,0,0.9093644298902941,162.48652397898385,100.0,17.12723669605028
field_matched,P186,D04,CS-BO,30,1,0.909339211462332,159.4916876095244,100.0,17.12723669605028
field_matched,P186,D04,CS-BO,30,2,0.9093549809461298,162.27715812965465,100.0,17.12723669605028
field_matched,P186,D04,WS-BO,30,0,0.9093228479602359,161.33116770827658,100.0,17.12723669605028
field_matched,P186,D04,WS-BO,30,1,0.909335896525191,160.17297579501425,100.0,17.12723669605028
field_matched,P186,D04,WS-BO,30,2,0.909335171156912,161.75702111511256,99.81729531426302,17.12723669605028
field_matched,P186,D04,HGS-only,0,0,0.9107213876356774,170.3263417254867,89.882966212759,17.12723669605028
field_matched,P186,D04,HGS+BO5,5,0,0.9107213876356774,170.3263417254867,89.882966212759,17.12723669605028
field_matched,P186,D04,HGS+BO10,10,0,0.9107213876356774,170.3263417254867,89.882966212759,17.12723669605028
field_matched,P186,D05,CS-BO,30,0,0.6681262827721015,198.98859557802697,99.89666525658998,39.56716700512571
field_matched,P186,D05,CS-BO,30,1,0.6681342577578239,198.2791684694093,100.0,39.56716700512571
field_matched,P186,D05,CS-BO,30,2,0.6681418845164353,197.85137431798856,90.6417407762593,39.56716700512571
field_matched,P186,D05,WS-BO,30,0,0.668132235652625,198.42050948635728,100.0,39.56716700512571
field_matched,P186,D05,WS-BO,30,1,0.6681345887795652,198.62734780817968,27.009011565169455,39.56716700512571
field_matched,P186,D05,WS-BO,30,2,0.6681277583050405,198.82595714553202,93.46739193276966,39.56716700512571
field_matched,P186,D05,HGS-only,0,0,0.6682288118837864,203.59070766317427,3.833852431436939,39.56716700512571
field_matched,P186,D05,HGS+BO5,5,0,0.6681395907956524,199.0932560149536,11.501557294310816,39.56716700512571
field_matched,P186,D05,HGS+BO10,10,0,0.6681395907956524,199.0932560149536,11.501557294310816,39.56716700512571
field_matched,P186,D06,CS-BO,30,0,0.8041235681708075,170.8454512689481,100.0,18.910760083117406
field_matched,P186,D06,CS-BO,30,1,0.8041376262042984,171.22772196148117,87.21903755852233,18.910760083117406
field_matched,P186,D06,CS-BO,30,2,0.8041169493817251,170.61619355786496,87.01377314126202,18.910760083117406
field_matched,P186,D06,WS-BO,30,0,0.8042561342481085,173.70183262879877,100.0,18.910760083117406
field_matched,P186,D06,WS-BO,30,1,0.8040999953731983,169.89091640187218,100.0,18.910760083117406
field_matched,P186,D06,WS-BO,30,2,0.8041045313383444,170.1323096769227,100.0,18.910760083117406
field_matched,P186,D06,HGS-only,0,0,0.8060450137766035,183.32836539792632,73.65077711126472,18.910760083117406
field_matched,P186,D06,HGS+BO5,5,0,0.8060450137766035,183.32836539792632,73.65077711126472,18.910760083117406
field_matched,P186,D06,HGS+BO10,10,0,0.8060450137766035,183.32836539792632,73.65077711126472,18.910760083117406
field_matched,P186,D07,CS-BO,30,0,0.8105135208364262,169.63067838716097,100.0,19.227325295719382
field_matched,P186,D07,CS-BO,30,1,0.8104826335859765,167.05817502503828,77.06666693311692,19.227325295719382
field_matched,P186,D07,CS-BO,30,2,0.8105322682522574,170.02208554942663,97.13926431454324,19.227325295719382
field_matched,P186,D07,WS-BO,30,0,0.8104857168167404,166.26453069360588,100.0,19.227325295719382
field_matched,P186,D07,WS-BO,30,1,0.8104916189223357,169.0835299900738,100.0,19.227325295719382
field_matched,P186,D07,WS-BO,30,2,0.8104723379260818,168.4474086975062,100.0,19.227325295719382
field_matched,P186,D07,HGS-only,0,0,0.8117738340392805,180.24605256194064,89.882966212759,19.227325295719382
field_matched,P186,D07,HGS+BO5,5,0,0.8117738340392805,180.24605256194064,89.882966212759,19.227325295719382
field_matched,P186,D07,HGS+BO10,10,0,0.8117738340392805,180.24605256194064,89.882966212759,19.227325295719382
field_matched,P186,D08,CS-BO,30,0,0.7798511773598799,185.07947344333544,100.0,18.782108408249123
field_matched,P186,D08,CS-BO,30,1,0.779683946114909,182.29678259188975,100.0,18.782108408249123
field_matched,P186,D08,CS-BO,30,2,0.7797821711895437,184.12807052517812,100.0,18.782108408249123
field_matched,P186,D08,WS-BO,30,0,0.7796494490979663,179.7962952128706,100.0,18.782108408249123
field_matched,P186,D08,WS-BO,30,1,0.7796494399978666,178.99073017410993,100.0,18.782108408249123
field_matched,P186,D08,WS-BO,30,2,0.7796487585915564,179.1335536514508,100.0,18.782108408249123
field_matched,P186,D08,HGS-only,0,0,0.7808308758185886,192.98547214807598,100.00000000000004,18.782108408249123
field_matched,P186,D08,HGS+BO5,5,0,0.7808308758185886,192.98547214807598,100.00000000000004,18.782108408249123
field_matched,P186,D08,HGS+BO10,10,0,0.7808308758185886,192.98547214807598,100.00000000000004,18.782108408249123
field_matched,P186,D09,CS-BO,30,0,0.7921933551295639,178.6154651792252,100.0,20.923885559403484
field_matched,P186,D09,CS-BO,30,1,0.792198830333901,177.55742956985077,79.77286073413475,20.923885559403484
field_matched,P186,D09,CS-BO,30,2,0.7922104730731854,179.1711327834621,98.03857643745518,20.923885559403484
field_matched,P186,D09,WS-BO,30,0,0.7923290415728177,181.48044659640442,100.0,20.923885559403484
field_matched,P186,D09,WS-BO,30,1,0.792206313667213,179.049901780138,100.0,20.923885559403484
field_matched,P186,D09,WS-BO,30,2,0.7921971479853575,177.45639768289192,99.25651850613446,20.923885559403484
field_matched,P186,D09,HGS-only,0,0,0.7929697875931343,187.67420029983643,28.234749716372793,20.923885559403484
field_matched,P186,D09,HGS+BO5,5,0,0.792838820495102,186.65093349037542,9.87396962690368,20.923885559403484
field_matched,P186,D09,HGS+BO10,10,0,0.792838820495102,186.65093349037542,9.87396962690368,20.923885559403484
field_matched,P186,D10,CS-BO,30,0,0.7098707099851136,192.46794154468378,100.0,39.42351765884121
field_matched,P186,D10,CS-BO,30,1,0.7098518891931959,191.64165833161456,78.78614883623882,39.42351765884121
field_matched,P186,D10,CS-BO,30,2,0.7098444332122998,189.03424428848882,93.20413552768677,39.42351765884121
field_matched,P186,D10,WS-BO,30,0,0.7098387353422699,189.60494617776936,98.74542189387306,39.42351765884121
field_matched,P186,D10,WS-BO,30,1,0.7098586538485444,191.9646458363239,74.4008430872849,39.42351765884121
field_matched,P186,D10,WS-BO,30,2,0.7098414252780019,190.92949730443866,89.77322935273985,39.42351765884121
field_matched,P186,D10,HGS-only,0,0,0.7098869885602334,192.98547214807598,100.0,39.42351765884121
field_matched,P186,D10,HGS+BO5,5,0,0.7098869885602334,192.98547214807598,100.0,39.42351765884121
field_matched,P186,D10,HGS+BO10,10,0,0.7098869885602334,192.98547214807598,100.0,39.42351765884121
field_matched,P189,D01,CS-BO,30,0,2.406866173091589,132.90921354776222,100.0,290.1554295057998
field_matched,P189,D01,CS-BO,30,1,2.4068761104519862,133.02361258243837,91.28503776815734,290.1554295057998
field_matched,P189,D01,CS-BO,30,2,2.406867194943157,132.94994860881448,100.0,290.1554295057998
field_matched,P189,D01,WS-BO,30,0,2.407867387810857,129.96183092028258,10.898703759755598,290.1554295057998
field_matched,P189,D01,WS-BO,30,1,2.4108173125494647,120.26202256768728,14.230421428239012,290.1554295057998
field_matched,P189,D01,WS-BO,30,2,2.4070508034353715,132.97632044913897,28.52054972157682,290.1554295057998
field_matched,P189,D01,HGS-only,0,0,2.4147340296429975,154.78408271234727,100.00000000000004,290.1554295057998
field_matched,P189,D01,HGS+BO5,5,0,2.4102664699510084,120.91291592340859,27.226308648462542,290.1554295057998
field_matched,P189,D01,HGS+BO10,10,0,2.4102664699510084,120.91291592340859,27.226308648462542,290.1554295057998
field_matched,P189,D02,CS-BO,30,0,2.619775218417703,122.06471421290858,53.63607164416795,278.22498318922663
field_matched,P189,D02,CS-BO,30,1,2.619992136353029,121.70902544474455,37.76149278441867,278.22498318922663
field_matched,P189,D02,CS-BO,30,2,2.6210454658283764,118.20831568060979,100.0,278.22498318922663
field_matched,P189,D02,WS-BO,30,0,2.620303950395676,120.91291592340859,27.226308648462542,278.22498318922663
field_matched,P189,D02,WS-BO,30,1,2.6207980351043965,118.80325520862208,100.0,278.22498318922663
field_matched,P189,D02,WS-BO,30,2,2.6205311545715007,119.54706752403992,100.0,278.22498318922663
field_matched,P189,D02,HGS-only,0,0,2.6254229204159696,140.77368953676378,17.875446228383833,278.22498318922663
field_matched,P189,D02,HGS+BO5,5,0,2.620303950395676,120.91291592340859,27.226308648462542,278.22498318922663
field_matched,P189,D02,HGS+BO10,10,0,2.620303950395676,120.91291592340859,27.226308648462542,278.22498318922663
field_matched,P189,D03,CS-BO,30,0,2.2430417235441937,141.1360543556994,100.0,297.4915777206228
field_matched,P189,D03,CS-BO,30,1,2.243041838458114,138.65780489480022,100.0,297.4915777206228
field_matched,P189,D03,CS-BO,30,2,2.243103354259749,137.9484675605438,98.94336113981333,297.4915777206228
field_matched,P189,D03,WS-BO,30,0,2.2430420506195423,140.06860391369486,94.04656733759957,297.4915777206228
field_matched,P189,D03,WS-BO,30,1,2.2430197756622254,141.3215183825814,58.008121411964744,297.4915777206228
field_matched,P189,D03,WS-BO,30,2,2.2430407913936192,140.10604119086193,100.0,297.4915777206228
field_matched,P189,D03,HGS-only,0,0,2.243146756027562,138.13009887062162,62.149560348507144,297.4915777206228
field_matched,P189,D03,HGS+BO5,5,0,2.243146756027562,138.13009887062162,62.149560348507144,297.4915777206228
field_matched,P189,D03,HGS+BO10,10,0,2.243146756027562,138.13009887062162,62.149560348507144,297.4915777206228
field_matched,P189,D04,CS-BO,30,0,2.9155053194985734,133.58403061888544,100.0,253.71040914635486
field_matched,P189,D04,CS-BO,30,1,2.915119148074652,106.33406013373052,36.26814866678759,253.71040914635486
field_matched,P189,D04,CS-BO,30,2,2.9125145232927507,110.24279186311108,29.670576925230684,253.71040914635486
field_matched,P189,D04,WS-BO,30,0,2.9141470865700727,107.41373084280524,100.0,253.71040914635486
field_matched,P189,D04,WS-BO,30,1,2.9123474996547536,111.00278528902066,18.712423674575902,253.71040914635486
field_matched,P189,D04,WS-BO,30,2,2.912795425960894,109.43490457796534,100.0,253.71040914635486
field_matched,P189,D04,HGS-only,0,0,2.9165762717655905,138.13009887062162,62.149560348507144,253.71040914635486
field_matched,P189,D04,HGS+BO5,5,0,2.9159758937070897,120.91291592340859,27.226308648462542,253.71040914635486
field_matched,P189,D04,HGS+BO10,10,0,2.9159758937070897,120.91291592340859,27.226308648462542,253.71040914635486
field_matched,P189,D05,CS-BO,30,0,2.1115114131947847,147.22768131855744,29.237974455325272,302.0690639358741
field_matched,P189,D05,CS-BO,30,1,2.1113718498710132,145.65731423514433,100.0,302.0690639358741
field_matched,P189,D05,CS-BO,30,2,2.111390634537275,143.67728779929934,99.65582900303298,302.0690639358741
field_matched,P189,D05,WS-BO,30,0,2.1113486219648765,146.2102801371397,92.44803759091522,302.0690639358741
field_matched,P189,D05,WS-BO,30,1,2.1113858447786753,143.59114518658527,100.0,302.0690639358741
field_matched,P189,D05,WS-BO,30,2,2.1113941108354175,147.37822564609095,100.0,302.0690639358741
field_matched,P189,D05,HGS-only,0,0,2.1124596616969535,148.35622809893863,5.218435308660261,302.0690639358741
field_matched,P189,D05,HGS+BO5,5,0,2.111775231408361,143.99398569506164,11.11868216634987,302.0690639358741
field_matched,P189,D05,HGS+BO10,10,0,2.111775231408361,143.99398569506164,11.11868216634987,302.0690639358741
field_matched,P189,D06,CS-BO,30,0,2.4056785623303023,132.28183136634408,100.0,279.54235805819405
field_matched,P189,D06,CS-BO,30,1,2.4049470896065794,133.90908844799054,51.43680277840725,279.54235805819405
field_matched,P189,D06,CS-BO,30,2,2.4067308656465203,159.89728964697395,100.0,279.54235805819405
field_matched,P189,D06,WS-BO,30,0,2.4067492866975155,148.30149944014195,98.27967245348351,279.54235805819405
field_matched,P189,D06,WS-BO,30,1,2.406493169270612,155.75346384903133,78.86177223400995,279.54235805819405
field_matched,P189,D06,WS-BO,30,2,2.4048708405289863,133.92572842136187,100.0,279.54235805819405
field_matched,P189,D06,HGS-only,0,0,2.407928999082927,167.5921736445145,100.00000000000004,279.54235805819405
field_matched,P189,D06,HGS+BO5,5,0,2.407928999082927,167.5921736445145,100.00000000000004,279.54235805819405
field_matched,P189,D06,HGS+BO10,10,0,2.407928999082927,167.5921736445145,100.00000000000004,279.54235805819405
field_matched,P189,D07,CS-BO,30,0,2.323801498400507,168.69251510109694,68.78559414487742,278.42130879350754
field_matched,P189,D07,CS-BO,30,1,2.3237758160174136,166.1232599832957,100.0,278.42130879350754
field_matched,P189,D07,CS-BO,30,2,2.3238555913714536,164.67793315687268,100.0,278.42130879350754
field_matched,P189,D07,WS-BO,30,0,2.324090374039208,166.77629684572318,22.96210475101816,278.42130879350754
field_matched,P189,D07,WS-BO,30,1,2.3238059354584717,167.35765637404486,100.0,278.42130879350754
field_matched,P189,D07,WS-BO,30,2,2.324273448033253,161.86797981822733,31.679815649718545,278.42130879350754
field_matched,P189,D07,HGS-only,0,0,2.3238112765893426,170.3263417254867,89.882966212759,278.42130879350754
field_matched,P189,D07,HGS+BO5,5,0,2.3238112765893426,170.3263417254867,89.882966212759,278.42130879350754
field_matched,P189,D07,HGS+BO10,10,0,2.3238112765893426,170.3263417254867,89.882966212759,278.42130879350754
field_matched,P189,D08,CS-BO,30,0,2.4699036112628385,125.2573245021444,6.4959245870472735,284.7023804901336
field_matched,P189,D08,CS-BO,30,1,2.467915840800118,128.88361106972707,32.68038261276673,284.7023804901336
field_matched,P189,D08,CS-BO,30,2,2.469096165963158,126.81802755981644,8.997152447840755,284.7023804901336
field_matched,P189,D08,WS-BO,30,0,2.470845830833857,120.91291592340859,27.226308648462542,284.7023804901336
field_matched,P189,D08,WS-BO,30,1,2.4716550428556276,119.72518330440121,16.403467954817607,284.7023804901336
field_matched,P189,D08,WS-BO,30,2,2.4679058752411893,128.38997537573874,100.0,284.7023804901336
field_matched,P189,D08,HGS-only,0,0,2.473384796501432,149.83538054300726,38.57073918689008,284.7023804901336
field_matched,P189,D08,HGS+BO5,5,0,2.470845830833857,120.91291592340859,27.226308648462542,284.7023804901336
field_matched,P189,D08,HGS+BO10,10,0,2.470845830833857,120.91291592340859,27.226308648462542,284.7023804901336
field_matched,P189,D09,CS-BO,30,0,2.546077028627025,126.57294194503467,54.503900506737054,287.71459695156534
field_matched,P189,D09,CS-BO,30,1,2.545963551590365,127.68753783826281,97.79394881749482,287.71459695156534
field_matched,P189,D09,CS-BO,30,2,2.5460117935336184,126.62372324558228,98.75991762894587,287.71459695156534
field_matched,P189,D09,WS-BO,30,0,2.5460099445016855,126.54931020280762,98.35623138889088,287.71459695156534
field_matched,P189,D09,WS-BO,30,1,2.548618739233226,116.7776684662299,100.0,287.71459695156534
field_matched,P189,D09,WS-BO,30,2,2.546340286295074,125.16770045927713,34.98880411673997,287.71459695156534
field_matched,P189,D09,HGS-only,0,0,2.5462609093904756,125.59205928363292,52.60147789613878,287.71459695156534
field_matched,P189,D09,HGS+BO5,5,0,2.5462609093904756,125.59205928363292,52.60147789613878,287.71459695156534
field_matched,P189,D09,HGS+BO10,10,0,2.5462609093904756,125.59205928363292,52.60147789613878,287.71459695156534
field_matched,P189,D10,CS-BO,30,0,2.2116226909787393,145.8500188207016,100.0,275.7002068624053
field_matched,P189,D10,CS-BO,30,1,2.211573341232565,142.26342420831466,100.0,275.7002068624053
field_matched,P189,D10,CS-BO,30,2,2.2115663647530943,142.1624093695926,100.0,275.7002068624053
field_matched,P189,D10,WS-BO,30,0,2.211563100610218,144.018151409906,100.0,275.7002068624053
field_matched,P189,D10,WS-BO,30,1,2.2115834715173124,144.92150616652052,100.0,275.7002068624053
field_matched,P189,D10,WS-BO,30,2,2.2116984579015186,146.91084688053843,100.0,275.7002068624053
field_matched,P189,D10,HGS-only,0,0,2.211621705625249,143.72422911679763,89.882966212759,275.7002068624053
field_matched,P189,D10,HGS+BO5,5,0,2.211621705625249,143.72422911679763,89.882966212759,275.7002068624053
field_matched,P189,D10,HGS+BO10,10,0,2.211621705625249,143.72422911679763,89.882966212759,275.7002068624053
logging_only,P001,D01,CS-BO,30,0,0.04049430292836945,52.1953044239038,0.6824456437835476,22.119506548944116
logging_only,P001,D01,CS-BO,30,1,0.039511851264678446,35.68254120279354,0.43617115406969903,22.119506548944116
logging_only,P001,D01,CS-BO,30,2,0.040224358656184386,74.2648128251051,11.623586104623769,22.119506548944116
logging_only,P001,D01,WS-BO,30,0,0.040580780552230224,22.18104596197019,26.54261302421588,22.119506548944116
logging_only,P001,D01,WS-BO,30,1,0.04086516756303274,51.13361631524667,100.0,22.119506548944116
logging_only,P001,D01,WS-BO,30,2,0.038810775358796394,54.42829885450579,5.605196632911759,22.119506548944116
logging_only,P001,D01,HGS-only,0,0,0.04644323571645782,108.56161334458803,65.83128195918282,22.119506548944116
logging_only,P001,D01,HGS+BO5,5,0,0.040580780552230224,22.18104596197019,26.54261302421588,22.119506548944116
logging_only,P001,D01,HGS+BO10,10,0,0.040580780552230224,22.18104596197019,26.54261302421588,22.119506548944116
logging_only,P001,D02,CS-BO,30,0,0.04510482462459123,33.36751943347085,3.6667227098020705,21.41757473435039
logging_only,P001,D02,CS-BO,30,1,0.045650938217559715,33.038361531660335,14.202717109626319,21.41757473435039
logging_only,P001,D02,CS-BO,30,2,0.044667190384261195,50.56472508523266,3.3137791215677943,21.41757473435039
logging_only,P001,D02,WS-BO,30,0,0.04493709932011539,49.96119913460719,100.0,21.41757473435039
logging_only,P001,D02,WS-BO,30,1,0.04645519724511397,48.02605814504145,100.0,21.41757473435039
logging_only,P001,D02,WS-BO,30,2,0.04565163062582439,33.01745838771824,13.658720989369757,21.41757473435039
logging_only,P001,D02,HGS-only,0,0,0.05110739361716853,107.24283882520814,1.8255683425064035,21.41757473435039
logging_only,P001,D02,HGS+BO5,5,0,0.05110739361716853,107.24283882520814,1.8255683425064035,21.41757473435039
logging_only,P001,D02,HGS+BO10,10,0,0.05110739361716853,107.24283882520814,1.8255683425064035,21.41757473435039
logging_only,P001,D03,CS-BO,30,0,0.035673490168597305,55.803708271256085,4.721744651056696,22.551054001068824
logging_only,P001,D03,CS-BO,30,1,0.03825488929502166,74.23049243804971,0.11645484782561583,22.551054001068824
logging_only,P001,D03,CS-BO,30,2,0.03470737385904219,57.56439735986337,100.0,22.551054001068824
logging_only,P001,D03,WS-BO,30,0,0.037770718816775156,52.010508839295525,14.929924641670446,22.551054001068824
logging_only,P001,D03,WS-BO,30,1,0.03798891232378589,100.0,1.0,22.551054001068824
logging_only,P001,D03,WS-BO,30,2,0.03653199100447378,76.8919637361627,7.712790771009307,22.551054001068824
logging_only,P001,D03,HGS-only,0,0,0.04192992439773971,111.7461662841755,12.069975378817187,22.551054001068824
logging_only,P001,D03,HGS+BO5,5,0,0.03841162745349899,22.18104596197019,26.54261302421588,22.551054001068824
logging_only,P001,D03,HGS+BO10,10,0,0.03841162745349899,22.18104596197019,26.54261302421588,22.551054001068824
logging_only,P001,D04,CS-BO,30,0,0.059173635697266545,26.997544659346612,0.5282583872588439,20.337126494026744
logging_only,P001,D04,CS-BO,30,1,0.05383685348179818,30.258535433096096,100.0,20.337126494026744
logging_only,P001,D04,CS-BO,30,2,0.05194323203767283,31.373013882540523,0.5200743803447081,20.337126494026744
logging_only,P001,D04,WS-BO,30,0,0.05216885405165429,46.76624054426397,32.838987132593246,20.337126494026744
logging_only,P001,D04,WS-BO,30,1,0.05489961169168128,29.6412002757408,100.0,20.337126494026744
logging_only,P001,D04,WS-BO,30,2,0.05429051174981856,30.003158844663346,100.0,20.337126494026744
logging_only,P001,D04,HGS-only,0,0,0.06231359110342011,55.771380526083455,0.0813740447332873,20.337126494026744
logging_only,P001,D04,HGS+BO5,5,0,0.061853072196700526,120.91291592340859,27.226308648462542,20.337126494026744
logging_only,P001,D04,HGS+BO10,10,0,0.059173635697266545,26.997544659346612,0.5282583872588439,20.337126494026744
logging_only,P001,D05,CS-BO,30,0,0.03199798839386625,59.47367082743642,23.48706516607383,22.78990485975994
logging_only,P001,D05,CS-BO,30,1,0.03199771168457563,59.45363589692434,100.0,22.78990485975994
logging_only,P001,D05,CS-BO,30,2,0.03269012446933589,57.96479710886693,100.0,22.78990485975994
logging_only,P001,D05,WS-BO,30,0,0.03292875574563043,81.50119012539145,100.0,22.78990485975994
logging_only,P001,D05,WS-BO,30,1,0.03201713618430552,39.95161544488762,63.8273132072444,22.78990485975994
logging_only,P001,D05,WS-BO,30,2,0.035740157316283536,100.0,1.0,22.78990485975994
logging_only,P001,D05,HGS-only,0,0,0.03755696290240425,113.51074972882732,21.91277617864732,22.78990485975994
logging_only,P001,D05,HGS+BO5,5,0,0.03657001248225738,22.18104596197019,26.54261302421588,22.78990485975994
logging_only,P001,D05,HGS+BO10,10,0,0.03657001248225738,22.18104596197019,26.54261302421588,22.78990485975994
logging_only,P001,D06,CS-BO,30,0,0.05140461241648916,59.01935532016227,42.19634858405105,21.617903649007914
logging_only,P001,D06,CS-BO,30,1,0.048132606089776646,63.77041954872699,100.0,21.617903649007914
logging_only,P001,D06,CS-BO,30,2,0.05072808420023913,11.139406800286693,4.380340607342478,21.617903649007914
logging_only,P001,D06,WS-BO,30,0,0.04931356268746796,44.18576817928383,100.0,21.617903649007914
logging_only,P001,D06,WS-BO,30,1,0.05363372079371698,75.78323700842887,100.0,21.617903649007914
logging_only,P001,D06,WS-BO,30,2,0.05072808420023913,11.139406800286693,4.380340607342478,21.617903649007914
logging_only,P001,D06,HGS-only,0,0,0.05160071145928925,79.81343261451677,4.1465641899986085,21.617903649007914
logging_only,P001,D06,HGS+BO5,5,0,0.05160071145928925,79.81343261451677,4.1465641899986085,21.617903649007914
logging_only,P001,D06,HGS+BO10,10,0,0.05160071145928925,79.81343261451677,4.1465641899986085,21.617903649007914
logging_only,P001,D07,CS-BO,30,0,0.06376225676934362,35.03748942861394,23.743175849656,22.368669096922076
logging_only,P001,D07,CS-BO,30,1,0.05341826962839785,10.887723084994953,100.0,22.368669096922076
logging_only,P001,D07,CS-BO,30,2,0.05568346041942584,17.75155962921815,2.5057220786020156,22.368669096922076
logging_only,P001,D07,WS-BO,30,0,0.06693123202643043,153.2764465253492,13.7463232784069,22.368669096922076
logging_only,P001,D07,WS-BO,30,1,0.05527838110924003,10.548339012948189,8.415550286955945,22.368669096922076
logging_only,P001,D07,WS-BO,30,2,0.05898489318597298,16.719915381447834,6.211656779379455,22.368669096922076
logging_only,P001,D07,HGS-only,0,0,0.05978709784126697,16.457971415622488,74.20828829556581,22.368669096922076
logging_only,P001,D07,HGS+BO5,5,0,0.05978709784126697,16.457971415622488,74.20828829556581,22.368669096922076
logging_only,P001,D07,HGS+BO10,10,0,0.05978709784126697,16.457971415622488,74.20828829556581,22.368669096922076
logging_only,P001,D08,CS-BO,30,0,0.038494127919900784,130.28666549767496,3.3387801373897705,22.5138484981517
logging_only,P001,D08,CS-BO,30,1,0.03870841324307992,98.8531934484477,100.0,22.5138484981517
logging_only,P001,D08,CS-BO,30,2,0.03747287279188672,103.14429744600433,4.692527503543168,22.5138484981517
logging_only,P001,D08,WS-BO,30,0,0.03638658045220583,78.59790630087802,7.351396595130714,22.5138484981517
logging_only,P001,D08,WS-BO,30,1,0.035277906003643944,38.44133028889169,100.0,22.5138484981517
logging_only,P001,D08,WS-BO,30,2,0.036874016888486766,77.42528344189596,7.827320151619391,22.5138484981517
logging_only,P001,D08,HGS-only,0,0,0.03999297712277554,124.14464153405261,100.00000000000004,22.5138484981517
logging_only,P001,D08,HGS+BO5,5,0,0.038850296616591,22.18104596197019,26.54261302421588,22.5138484981517
logging_only,P001,D08,HGS+BO10,10,0,0.038850296616591,22.18104596197019,26.54261302421588,22.5138484981517
logging_only,P001,D09,CS-BO,30,0,0.04926073369834003,32.14194223507587,100.0,21.04783818457452
logging_only,P001,D09,CS-BO,30,1,0.05135061451476359,87.99995199265481,100.0,21.04783818457452
logging_only,P001,D09,CS-BO,30,2,0.04994807054462115,67.19244892192242,100.0,21.04783818457452
logging_only,P001,D09,WS-BO,30,0,0.050985831840050684,46.50172220836189,0.7941181114860927,21.04783818457452
logging_only,P001,D09,WS-BO,30,1,0.05097458009886051,46.33979109397135,1.6377502542089843,21.04783818457452
logging_only,P001,D09,WS-BO,30,2,0.0501464794748064,66.93861057193119,0.3540405630170335,21.04783818457452
logging_only,P001,D09,HGS-only,0,0,0.06554670864756408,48.77444030547101,0.0870166201135517,21.04783818457452
logging_only,P001,D09,HGS+BO5,5,0,0.057818310416574994,120.91291592340859,27.226308648462542,21.04783818457452
logging_only,P001,D09,HGS+BO10,10,0,0.056996577079656906,26.997544659346612,0.5282583872588439,21.04783818457452
logging_only,P001,D10,CS-BO,30,0,0.037956078653768446,22.18104596197019,26.54261302421588,23.737115579874665
logging_only,P001,D10,CS-BO,30,1,0.03486003474658893,56.38566059921744,100.0,23.737115579874665
logging_only,P001,D10,CS-BO,30,2,0.034739965744103,56.629396559277716,100.0,23.737115579874665
logging_only,P001,D10,WS-BO,30,0,0.03739946642626645,100.0,1.0,23.737115579874665
logging_only,P001,D10,WS-BO,30,1,0.0358049815121139,105.3019827303793,100.0,23.737115579874665
logging_only,P001,D10,WS-BO,30,2,0.03713982450020608,35.12404141103336,0.5401181778890991,23.737115579874665
logging_only,P001,D10,HGS-only,0,0,0.04215838347572342,64.05204821167169,0.11650220212950786,23.737115579874665
logging_only,P001,D10,HGS+BO5,5,0,0.037956078653768446,22.18104596197019,26.54261302421588,23.737115579874665
logging_only,P001,D10,HGS+BO10,10,0,0.037956078653768446,22.18104596197019,26.54261302421588,23.737115579874665
logging_only,P049,D01,CS-BO,30,0,0.08727834289324381,86.80278738230906,10.187074730975212,35.66506961005909
logging_only,P049,D01,CS-BO,30,1,0.08770705923246717,84.70195450213697,1.5266429838188433,35.66506961005909
logging_only,P049,D01,CS-BO,30,2,0.08831928071797977,81.25261976653411,100.0,35.66506961005909
logging_only,P049,D01,WS-BO,30,0,0.08770984477115225,120.91291592340859,27.226308648462542,35.66506961005909
logging_only,P049,D01,WS-BO,30,1,0.08796459035924355,117.67947888424887,96.7968967665631,35.66506961005909
logging_only,P049,D01,WS-BO,30,2,0.08780496421318228,119.5384642522795,100.0,35.66506961005909
logging_only,P049,D01,HGS-only,0,0,0.09061938355544996,90.0967599725751,15.117656152363121,35.66506961005909
logging_only,P049,D01,HGS+BO5,5,0,0.08770984477115225,120.91291592340859,27.226308648462542,35.66506961005909
logging_only,P049,D01,HGS+BO10,10,0,0.08770984477115225,120.91291592340859,27.226308648462542,35.66506961005909
logging_only,P049,D02,CS-BO,30,0,0.09698531571746974,101.30577763480558,100.0,33.855860450592004
logging_only,P049,D02,CS-BO,30,1,0.09610332147724764,77.8823542154625,100.0,33.855860450592004
logging_only,P049,D02,CS-BO,30,2,0.09651025533617226,76.51752125392284,100.0,33.855860450592004
logging_only,P049,D02,WS-BO,30,0,0.09725900761154459,100.0,1.0,33.855860450592004
logging_only,P049,D02,WS-BO,30,1,0.09609282978014892,109.21498635544245,100.0,33.855860450592004
logging_only,P049,D02,WS-BO,30,2,0.09641176850499379,105.89112810952638,100.0,33.855860450592004
logging_only,P049,D02,HGS-only,0,0,0.0996919178378778,114.21014145380961,90.08034731137494,33.855860450592004
logging_only,P049,D02,HGS+BO5,5,0,0.09952377740631532,120.91291592340859,27.226308648462542,33.855860450592004
logging_only,P049,D02,HGS+BO10,10,0,0.09686457500049792,74.95784895459784,26.675287504731692,33.855860450592004
logging_only,P049,D03,CS-BO,30,0,0.08118647950340828,90.73583870339795,100.0,37.197740861051805
logging_only,P049,D03,CS-BO,30,1,0.08116329644218996,91.33602427398385,1.500167934840381,37.197740861051805
logging_only,P049,D03,CS-BO,30,2,0.08126848306420308,90.27722261294679,100.0,37.197740861051805
logging_only,P049,D03,WS-BO,30,0,0.08189805935872407,120.91291592340859,27.226308648462542,37.197740861051805
logging_only,P049,D03,WS-BO,30,1,0.08128136903340975,89.8549981774394,86.37444486266449,37.197740861051805
logging_only,P049,D03,WS-BO,30,2,0.08144655351375346,89.010979818066,100.0,37.197740861051805
logging_only,P049,D03,HGS-only,0,0,0.08386589517576759,95.16318171286362,12.520952072229335,37.197740861051805
logging_only,P049,D03,HGS+BO5,5,0,0.08189805935872407,120.91291592340859,27.226308648462542,37.197740861051805
logging_only,P049,D03,HGS+BO10,10,0,0.08189805935872407,120.91291592340859,27.226308648462542,37.197740861051805
logging_only,P049,D04,CS-BO,30,0,0.10792842855170139,70.71518671425575,15.898786424390202,31.689435573609316
logging_only,P049,D04,CS-BO,30,1,0.10680457195030883,74.88128294848592,0.979036719837521,31.689435573609316
logging_only,P049,D04,CS-BO,30,2,0.10667087848366343,74.53345991040597,100.0,31.689435573609316
logging_only,P049,D04,WS-BO,30,0,0.10752521589492624,100.0,1.0,31.689435573609316
logging_only,P049,D04,WS-BO,30,1,0.10752521589492624,100.0,1.0,31.689435573609316
logging_only,P049,D04,WS-BO,30,2,0.10752521589492624,100.0,1.0,31.689435573609316
logging_only,P049,D04,HGS-only,0,0,0.1071650241177893,102.08007170998582,23.592301179683645,31.689435573609316
logging_only,P049,D04,HGS+BO5,5,0,0.1071650241177893,102.08007170998582,23.592301179683645,31.689435573609316
logging_only,P049,D04,HGS+BO10,10,0,0.1071650241177893,102.08007170998582,23.592301179683645,31.689435573609316
logging_only,P049,D05,CS-BO,30,0,0.07651083831514766,92.50155895964527,5.015674967251594,38.503019467663464
logging_only,P049,D05,CS-BO,30,1,0.0760517552906242,96.51377694906564,1.7912937729648728,38.503019467663464
logging_only,P049,D05,CS-BO,30,2,0.07673567165947301,131.3182157971259,100.0,38.503019467663464
logging_only,P049,D05,WS-BO,30,0,0.07679875513125321,129.2784811784229,100.0,38.503019467663464
logging_only,P049,D05,WS-BO,30,1,0.07683456700840245,128.3354569414312,100.0,38.503019467663464
logging_only,P049,D05,WS-BO,30,2,0.07701935694263724,88.93231987390286,100.0,38.503019467663464
logging_only,P049,D05,HGS-only,0,0,0.07855776057288164,99.5702642774973,100.00000000000004,38.503019467663464
logging_only,P049,D05,HGS+BO5,5,0,0.07723620595538479,120.91291592340859,27.226308648462542,38.503019467663464
logging_only,P049,D05,HGS+BO10,10,0,0.07723620595538479,120.91291592340859,27.226308648462542,38.503019467663464
logging_only,P049,D06,CS-BO,30,0,0.10274318722597796,61.36599797939698,52.14786591006809,34.27538590053806
logging_only,P049,D06,CS-BO,30,1,0.10286870071121224,60.98612260499744,100.0,34.27538590053806
logging_only,P049,D06,CS-BO,30,2,0.10304646229230717,83.11526512714907,100.0,34.27538590053806
logging_only,P049,D06,WS-BO,30,0,0.10298322963642617,60.81742465869669,16.842019742248937,34.27538590053806
logging_only,P049,D06,WS-BO,30,1,0.10348954632265031,80.37262876895294,98.10471816718596,34.27538590053806
logging_only,P049,D06,WS-BO,30,2,0.10414544761616878,57.852753399854464,100.0,34.27538590053806
logging_only,P049,D06,HGS-only,0,0,0.10329135604583257,60.06967175885713,2.426482510776614,34.27538590053806
logging_only,P049,D06,HGS+BO5,5,0,0.10329135604583257,60.06967175885713,2.426482510776614,34.27538590053806
logging_only,P049,D06,HGS+BO10,10,0,0.10329135604583257,60.06967175885713,2.426482510776614,34.27538590053806
logging_only,P049,D07,CS-BO,30,0,0.11038790501742884,53.49958973476036,17.753517565444575,35.01847349635282
logging_only,P049,D07,CS-BO,30,1,0.11357860736450581,48.17655679165405,8.21306460450487,35.01847349635282
logging_only,P049,D07,CS-BO,30,2,0.11191354142947063,68.06543513807944,12.015119737090798,35.01847349635282
logging_only,P049,D07,WS-BO,30,0,0.11120029369336742,53.56686223477197,0.21509728485620946,35.01847349635282
logging_only,P049,D07,WS-BO,30,1,0.11132613165599646,51.81059279665132,86.61126608439464,35.01847349635282
logging_only,P049,D07,WS-BO,30,2,0.11268967055450028,65.44073277970689,100.0,35.01847349635282
logging_only,P049,D07,HGS-only,0,0,0.11282199945735662,49.393464728125984,3.689653733606577,35.01847349635282
logging_only,P049,D07,HGS+BO5,5,0,0.11282199945735662,49.393464728125984,3.689653733606577,35.01847349635282
logging_only,P049,D07,HGS+BO10,10,0,0.11282199945735662,49.393464728125984,3.689653733606577,35.01847349635282
logging_only,P049,D08,CS-BO,30,0,0.08666543759243249,88.01843846465661,24.36006622933708,35.65582658471872
logging_only,P049,D08,CS-BO,30,1,0.08710591906343751,119.21276388977428,100.0,35.65582658471872
logging_only,P049,D08,CS-BO,30,2,0.08781913337514738,110.97002118471109,100.0,35.65582658471872
logging_only,P049,D08,WS-BO,30,0,0.08699599837394216,120.91291592340859,27.226308648462542,35.65582658471872
logging_only,P049,D08,WS-BO,30,1,0.08735243631517807,116.25007112715627,83.16914322580361,35.65582658471872
logging_only,P049,D08,WS-BO,30,2,0.08646887860171298,89.18900835714079,100.0,35.65582658471872
logging_only,P049,D08,HGS-only,0,0,0.09031496763240017,122.74168523696692,8.769356992399633,35.65582658471872
logging_only,P049,D08,HGS+BO5,5,0,0.08699599837394216,120.91291592340859,27.226308648462542,35.65582658471872
logging_only,P049,D08,HGS+BO10,10,0,0.08699599837394216,120.91291592340859,27.226308648462542,35.65582658471872
logging_only,P049,D09,CS-BO,30,0,0.09716272054569754,106.11877133839035,1.9814271090763138,33.87454932145655
logging_only,P049,D09,CS-BO,30,1,0.09630400266960845,78.17440973708037,100.0,33.87454932145655
logging_only,P049,D09,CS-BO,30,2,0.09677980463842577,76.38387389122875,100.0,33.87454932145655
logging_only,P049,D09,WS-BO,30,0,0.09686370376356822,109.92054867201185,0.834890336725968,33.87454932145655
logging_only,P049,D09,WS-BO,30,1,0.09688735045288291,108.60428006589063,100.0,33.87454932145655
logging_only,P049,D09,WS-BO,30,2,0.09689737743307833,75.62679439669577,100.0,33.87454932145655
logging_only,P049,D09,HGS-only,0,0,0.10009988837044745,81.1623273587572,16.6818462706544,33.87454932145655
logging_only,P049,D09,HGS+BO5,5,0,0.10009988837044745,81.1623273587572,16.6818462706544,33.87454932145655
logging_only,P049,D09,HGS+BO10,10,0,0.10009988837044745,81.1623273587572,16.6818462706544,33.87454932145655
logging_only,P049,D10,CS-BO,30,0,0.08021585041487998,88.80187484603869,5.872057546004123,38.12368585597335
logging_only,P049,D10,CS-BO,30,1,0.08052822422736328,121.30308277901756,1.959609678423565,38.12368585597335
logging_only,P049,D10,CS-BO,30,2,0.08022860157150691,125.4533143625078,100.0,38.12368585597335
logging_only,P049,D10,WS-BO,30,0,0.08047620953395886,120.91291592340859,27.226308648462542,38.12368585597335
logging_only,P049,D10,WS-BO,30,1,0.08001862019707986,89.8549981774394,86.37444486266449,38.12368585597335
logging_only,P049,D10,WS-BO,30,2,0.08018490703331257,89.19727924465514,100.0,38.12368585597335
logging_only,P049,D10,HGS-only,0,0,0.0831317138778805,128.59444150752682,1.9315649434647564,38.12368585597335
logging_only,P049,D10,HGS+BO5,5,0,0.08014458392978975,126.85679906979314,4.838032045476236,38.12368585597335
logging_only,P049,D10,HGS+BO10,10,0,0.08014458392978975,126.85679906979314,4.838032045476236,38.12368585597335
logging_only,P053,D01,CS-BO,30,0,0.6135725555607303,153.55082478988692,100.0,57.00655004452317
logging_only,P053,D01,CS-BO,30,1,0.6128843016549627,143.93136916257617,93.76541067058852,57.00655004452317
logging_only,P053,D01,CS-BO,30,2,0.6133897893214388,139.88492515961542,90.27633655593255,57.00655004452317
logging_only,P053,D01,WS-BO,30,0,0.6132159013019454,140.9396239680247,100.0,57.00655004452317
logging_only,P053,D01,WS-BO,30,1,0.6132161963523114,140.93949300398307,93.5475458237066,57.00655004452317
logging_only,P053,D01,WS-BO,30,2,0.6129026567537914,143.69369669372017,100.0,57.00655004452317
logging_only,P053,D01,HGS-only,0,0,0.6135199989524247,139.047901277884,25.168952136765522,57.00655004452317
logging_only,P053,D01,HGS+BO5,5,0,0.6135199989524247,139.047901277884,25.168952136765522,57.00655004452317
logging_only,P053,D01,HGS+BO10,10,0,0.6135199989524247,139.047901277884,25.168952136765522,57.00655004452317
logging_only,P053,D02,CS-BO,30,0,0.6670215080115612,132.88415241609337,100.0,55.373850141649406
logging_only,P053,D02,CS-BO,30,1,0.667261671551749,131.4576912428363,92.06415702543602,55.373850141649406
logging_only,P053,D02,CS-BO,30,2,0.667277125977501,131.35334699295393,100.0,55.373850141649406
logging_only,P053,D02,WS-BO,30,0,0.6671086607178882,132.22190065215705,100.0,55.373850141649406
logging_only,P053,D02,WS-BO,30,1,0.6669544115667515,133.43900077403447,100.0,55.373850141649406
logging_only,P053,D02,WS-BO,30,2,0.6671118258398276,132.1994046979825,98.60057558873125,55.373850141649406
logging_only,P053,D02,HGS-only,0,0,0.6676258952767953,129.55772540959038,71.86399975647099,55.373850141649406
logging_only,P053,D02,HGS+BO5,5,0,0.6676258952767953,129.55772540959038,71.86399975647099,55.373850141649406
logging_only,P053,D02,HGS+BO10,10,0,0.6676258952767953,129.55772540959038,71.86399975647099,55.373850141649406
logging_only,P053,D03,CS-BO,30,0,0.5716299848922985,150.21295052014892,100.0,58.200631539914006
logging_only,P053,D03,CS-BO,30,1,0.5715824787593261,150.7927980938455,98.91974847508381,58.200631539914006
logging_only,P053,D03,CS-BO,30,2,0.5719704876522497,147.28517089224687,100.0,58.200631539914006
logging_only,P053,D03,WS-BO,30,0,0.5714583769192614,152.03230655530763,100.0,58.200631539914006
logging_only,P053,D03,WS-BO,30,1,0.5715687441175139,150.97083387826004,97.82850819131461,58.200631539914006
logging_only,P053,D03,WS-BO,30,2,0.5713387745600107,153.57002726788616,100.0,58.200631539914006
logging_only,P053,D03,HGS-only,0,0,0.5719103666812332,148.35622809893863,5.218435308660261,58.200631539914006
logging_only,P053,D03,HGS+BO5,5,0,0.5719103666812332,148.35622809893863,5.218435308660261,58.200631539914006
logging_only,P053,D03,HGS+BO10,10,0,0.5719103666812332,148.35622809893863,5.218435308660261,58.200631539914006
logging_only,P053,D04,CS-BO,30,0,0.7417667166978121,120.91291592340859,27.226308648462542,53.12822035916398
logging_only,P053,D04,CS-BO,30,1,0.7419226051920675,120.04020047187174,97.54029260505598,53.12822035916398
logging_only,P053,D04,CS-BO,30,2,0.7422621161207699,134.87931973724065,100.0,53.12822035916398
logging_only,P053,D04,WS-BO,30,0,0.7417667166978121,120.91291592340859,27.226308648462542,53.12822035916398
logging_only,P053,D04,WS-BO,30,1,0.7420319422899224,119.74432438716366,100.0,53.12822035916398
logging_only,P053,D04,WS-BO,30,2,0.7421610746212111,131.45848979852232,100.0,53.12822035916398
logging_only,P053,D04,HGS-only,0,0,0.742942579842577,121.95109594531922,22.74824131661447,53.12822035916398
logging_only,P053,D04,HGS+BO5,5,0,0.7417667166978121,120.91291592340859,27.226308648462542,53.12822035916398
logging_only,P053,D04,HGS+BO10,10,0,0.7417667166978121,120.91291592340859,27.226308648462542,53.12822035916398
logging_only,P053,D05,CS-BO,30,0,0.5383200763675823,159.56715595856426,100.0,59.07093374377933
logging_only,P053,D05,CS-BO,30,1,0.5381437289204197,162.7739190799726,100.0,59.07093374377933
logging_only,P053,D05,CS-BO,30,2,0.5381510179994617,162.40371214956156,100.0,59.07093374377933
logging_only,P053,D05,WS-BO,30,0,0.5385161507104479,157.02307106977028,100.0,59.07093374377933
logging_only,P053,D05,WS-BO,30,1,0.5381512512400511,162.40751788900917,90.82549034386916,59.07093374377933
logging_only,P053,D05,WS-BO,30,2,0.5381476902412377,162.56428554736252,100.0,59.07093374377933
logging_only,P053,D05,HGS-only,0,0,0.5387684515470524,154.64276215741432,50.848181738025936,59.07093374377933
logging_only,P053,D05,HGS+BO5,5,0,0.5387509365261717,154.78408271234727,100.0,59.07093374377933
logging_only,P053,D05,HGS+BO10,10,0,0.5387509365261717,154.78408271234727,100.0,59.07093374377933
logging_only,P053,D06,CS-BO,30,0,0.6299231185069538,155.20181490581413,100.0,56.2299784955618
logging_only,P053,D06,CS-BO,30,1,0.629979567150172,151.6571079047885,100.0,56.2299784955618
logging_only,P053,D06,CS-BO,30,2,0.6299071932403683,154.47556378380543,90.52020975946219,56.2299784955618
logging_only,P053,D06,WS-BO,30,0,0.6299229368598669,156.435280386551,100.0,56.2299784955618
logging_only,P053,D06,WS-BO,30,1,0.6299403203100558,155.77562761330145,93.86328386039206,56.2299784955618
logging_only,P053,D06,WS-BO,30,2,0.6299077704438729,154.53086429342656,100.0,56.2299784955618
logging_only,P053,D06,HGS-only,0,0,0.6299129996362589,154.78408271234727,100.00000000000004,56.2299784955618
logging_only,P053,D06,HGS+BO5,5,0,0.6299129996362589,154.78408271234727,100.00000000000004,56.2299784955618
logging_only,P053,D06,HGS+BO10,10,0,0.6299129996362589,154.78408271234727,100.00000000000004,56.2299784955618
logging_only,P053,D07,CS-BO,30,0,0.6143526787059596,171.21198593256653,100.0,56.963131266969604
logging_only,P053,D07,CS-BO,30,1,0.6143438345071817,170.96255622645594,100.0,56.963131266969604
logging_only,P053,D07,CS-BO,30,2,0.6143501045769901,166.76367965190053,100.0,56.963131266969604
logging_only,P053,D07,WS-BO,30,0,0.6143554822862537,167.71065765218427,100.0,56.963131266969604
logging_only,P053,D07,WS-BO,30,1,0.6143954252128961,173.1465706588169,100.0,56.963131266969604
logging_only,P053,D07,WS-BO,30,2,0.6143562856308054,167.79277269682478,100.0,56.963131266969604
logging_only,P053,D07,HGS-only,0,0,0.6143701458787869,168.1603643610616,31.72018181688572,56.963131266969604
logging_only,P053,D07,HGS+BO5,5,0,0.6143701458787869,168.1603643610616,31.72018181688572,56.963131266969604
logging_only,P053,D07,HGS+BO10,10,0,0.6143701458787869,168.1603643610616,31.72018181688572,56.963131266969604
logging_only,P053,D08,CS-BO,30,0,0.6292188020192424,136.85654055132213,100.0,56.64456511750892
logging_only,P053,D08,CS-BO,30,1,0.6290690595944111,137.6416334609652,98.15497038822663,56.64456511750892
logging_only,P053,D08,CS-BO,30,2,0.6292538736584472,136.61946909495765,100.0,56.64456511750892
logging_only,P053,D08,WS-BO,30,0,0.6287313818543174,140.27664346777686,100.0,56.64456511750892
logging_only,P053,D08,WS-BO,30,1,0.629362863244521,146.44616119494893,100.0,56.64456511750892
logging_only,P053,D08,WS-BO,30,2,0.6293641366015507,146.26070341434482,98.58199318931987,56.64456511750892
logging_only,P053,D08,HGS-only,0,0,0.6296356535820461,140.77368953676378,17.875446228383833,56.64456511750892
logging_only,P053,D08,HGS+BO5,5,0,0.6288695853692277,139.047901277884,25.168952136765522,56.64456511750892
logging_only,P053,D08,HGS+BO10,10,0,0.6288695853692277,139.047901277884,25.168952136765522,56.64456511750892
logging_only,P053,D09,CS-BO,30,0,0.6475466166105045,137.1467644855935,100.0,55.789177785185096
logging_only,P053,D09,CS-BO,30,1,0.647437080596292,137.871123349477,98.11995685575447,55.789177785185096
logging_only,P053,D09,CS-BO,30,2,0.6478359293807842,135.04008276405736,100.0,55.789177785185096
logging_only,P053,D09,WS-BO,30,0,0.6482537016549853,148.27417902668506,100.0,55.789177785185096
logging_only,P053,D09,WS-BO,30,1,0.647434959121659,137.8953390659147,97.34956430155503,55.789177785185096
logging_only,P053,D09,WS-BO,30,2,0.6475133517462413,137.48586000613378,100.0,55.789177785185096
logging_only,P053,D09,HGS-only,0,0,0.650163448257194,125.59205928363292,52.60147789613878,55.789177785185096
logging_only,P053,D09,HGS+BO5,5,0,0.6498305792282612,126.85679906979314,4.838032045476236,55.789177785185096
logging_only,P053,D09,HGS+BO10,10,0,0.6498305792282612,126.85679906979314,4.838032045476236,55.789177785185096
logging_only,P053,D10,CS-BO,30,0,0.5699571082574503,148.59511714853537,100.0,59.0455128030096
logging_only,P053,D10,CS-BO,30,1,0.5702652646557214,146.10475917776324,100.0,59.0455128030096
logging_only,P053,D10,CS-BO,30,2,0.569834544711328,149.58609304109265,97.1216676860436,59.0455128030096
logging_only,P053,D10,WS-BO,30,0,0.5704082067023396,159.7088049524377,100.0,59.0455128030096
logging_only,P053,D10,WS-BO,30,1,0.5703908994013487,156.68069240421784,91.53263146533193,59.0455128030096
logging_only,P053,D10,WS-BO,30,2,0.5702459651723283,146.26070341434482,98.58199318931987,59.0455128030096
logging_only,P053,D10,HGS-only,0,0,0.5700438716758893,148.35622809893863,5.218435308660261,59.0455128030096
logging_only,P053,D10,HGS+BO5,5,0,0.5700438716758893,148.35622809893863,5.218435308660261,59.0455128030096
logging_only,P053,D10,HGS+BO10,10,0,0.5700438716758893,148.35622809893863,5.218435308660261,59.0455128030096
logging_only,P158,D01,CS-BO,30,0,0.27763752865944247,196.7112014726254,100.0,59.85135299024121
logging_only,P158,D01,CS-BO,30,1,0.2775961455010491,198.62734780817968,27.009011565169455,59.85135299024121
logging_only,P158,D01,CS-BO,30,2,0.2775844336685441,203.3837371609649,100.0,59.85135299024121
logging_only,P158,D01,WS-BO,30,0,0.2775872089545584,200.00631490445758,100.0,59.85135299024121
logging_only,P158,D01,WS-BO,30,1,0.27758836766038114,199.52446060664022,100.0,59.85135299024121
logging_only,P158,D01,WS-BO,30,2,0.27759550383203,204.15736981608026,100.0,59.85135299024121
logging_only,P158,D01,HGS-only,0,0,0.2802421390318724,168.1603643610616,31.72018181688572,59.85135299024121
logging_only,P158,D01,HGS+BO5,5,0,0.2802421390318724,168.1603643610616,31.72018181688572,59.85135299024121
logging_only,P158,D01,HGS+BO10,10,0,0.2802421390318724,168.1603643610616,31.72018181688572,59.85135299024121
logging_only,P158,D02,CS-BO,30,0,0.3004062679130945,192.02553528494633,100.0,60.49486663885073
logging_only,P158,D02,CS-BO,30,1,0.3004162533230453,193.9989469422575,99.38103409744255,60.49486663885073
logging_only,P158,D02,CS-BO,30,2,0.3004160495228925,193.98997359278752,100.0,60.49486663885073
logging_only,P158,D02,WS-BO,30,0,0.3004121349638681,192.46022375421566,100.0,60.49486663885073
logging_only,P158,D02,WS-BO,30,1,0.3004173147419794,188.42376459776534,93.10318898846012,60.49486663885073
logging_only,P158,D02,WS-BO,30,2,0.3004153488692264,192.6733942620916,99.53943570543079,60.49486663885073
logging_only,P158,D02,HGS-only,0,0,0.3028519292225944,161.0024989849614,31.456933943793345,60.49486663885073
logging_only,P158,D02,HGS+BO5,5,0,0.3028519292225944,161.0024989849614,31.456933943793345,60.49486663885073
logging_only,P158,D02,HGS+BO10,10,0,0.3028519292225944,161.0024989849614,31.456933943793345,60.49486663885073
logging_only,P158,D03,CS-BO,30,0,0.2601644911307098,209.14822460918975,1.8477945666070625,59.38733287387511
logging_only,P158,D03,CS-BO,30,1,0.26010621955701174,212.2847351227532,100.0,59.38733287387511
logging_only,P158,D03,CS-BO,30,2,0.26010609904782434,212.2602834694418,88.47393624027646,59.38733287387511
logging_only,P158,D03,WS-BO,30,0,0.2600954840797237,210.8456278946123,100.0,59.38733287387511
logging_only,P158,D03,WS-BO,30,1,0.2601146431392041,208.65076083777618,97.57924418931285,59.38733287387511
logging_only,P158,D03,WS-BO,30,2,0.26011330883593803,209.83599360669353,96.66328543847209,59.38733287387511
logging_only,P158,D03,HGS-only,0,0,0.2626341567351392,174.3043176568041,29.960988737586337,59.38733287387511
logging_only,P158,D03,HGS+BO5,5,0,0.2626341567351392,174.3043176568041,29.960988737586337,59.38733287387511
logging_only,P158,D03,HGS+BO10,10,0,0.2626341567351392,174.3043176568041,29.960988737586337,59.38733287387511
logging_only,P158,D04,CS-BO,30,0,0.33201420510135693,174.23762407460936,100.0,61.21878178579837
logging_only,P158,D04,CS-BO,30,1,0.33199727384992844,179.0449096098842,100.0,61.21878178579837
logging_only,P158,D04,CS-BO,30,2,0.3320103846878721,174.56909334537232,96.04767499227843,61.21878178579837
logging_only,P158,D04,WS-BO,30,0,0.3320039921781052,175.33010311561628,100.0,61.21878178579837
logging_only,P158,D04,WS-BO,30,1,0.33200156866234354,175.9142189404019,100.0,61.21878178579837
logging_only,P158,D04,WS-BO,30,2,0.33199942702589774,179.1711327834621,98.03857643745518,61.21878178579837
logging_only,P158,D04,HGS-only,0,0,0.3349825844487621,148.35622809893863,5.218435308660261,61.21878178579837
logging_only,P158,D04,HGS+BO5,5,0,0.3349825844487621,148.35622809893863,5.218435308660261,61.21878178579837
logging_only,P158,D04,HGS+BO10,10,0,0.3349825844487621,148.35622809893863,5.218435308660261,61.21878178579837
logging_only,P158,D05,CS-BO,30,0,0.24618932159765294,223.24611096115981,100.0,59.08710780106085
logging_only,P158,D05,CS-BO,30,1,0.24615542909911522,220.9822318223116,96.75735711596833,59.08710780106085
logging_only,P158,D05,CS-BO,30,2,0.24613690644004924,218.36281364470562,100.0,59.08710780106085
logging_only,P158,D05,WS-BO,30,0,0.2462489338262695,226.56872380846798,100.0,59.08710780106085
logging_only,P158,D05,WS-BO,30,1,0.24614277301714138,219.58433735088184,94.60997106417852,59.08710780106085
logging_only,P158,D05,WS-BO,30,2,0.2461429051902788,219.6057554105982,96.08182604688645,59.08710780106085
logging_only,P158,D05,HGS-only,0,0,0.24824582459005942,183.32836539792632,73.65077711126472,59.08710780106085
logging_only,P158,D05,HGS+BO5,5,0,0.24824582459005942,183.32836539792632,73.65077711126472,59.08710780106085
logging_only,P158,D05,HGS+BO10,10,0,0.24824582459005942,183.32836539792632,73.65077711126472,59.08710780106085
logging_only,P158,D06,CS-BO,30,0,0.29925779166905675,179.2018127311207,100.0,59.244449988935756
logging_only,P158,D06,CS-BO,30,1,0.29926243234105765,178.35115131389983,98.65374889535342,59.244449988935756
logging_only,P158,D06,CS-BO,30,2,0.2994344882895522,173.22279427287097,100.0,59.244449988935756
logging_only,P158,D06,WS-BO,30,0,0.299257190810593,179.49223853556848,100.0,59.244449988935756
logging_only,P158,D06,WS-BO,30,1,0.2992638344187504,178.18319438846282,100.0,59.244449988935756
logging_only,P158,D06,WS-BO,30,2,0.2992767970023625,183.6561935209456,97.78126477701421,59.244449988935756
logging_only,P158,D06,HGS-only,0,0,0.30171229598198945,153.42679619390398,88.04550586093347,59.244449988935756
logging_only,P158,D06,HGS+BO5,5,0,0.30171229598198945,153.42679619390398,88.04550586093347,59.244449988935756
logging_only,P158,D06,HGS+BO10,10,0,0.30171229598198945,153.42679619390398,88.04550586093347,59.244449988935756
logging_only,P158,D07,CS-BO,30,0,0.30513936345256637,173.01882871696083,100.0,58.762917160047856
logging_only,P158,D07,CS-BO,30,1,0.3051204634963596,175.35469820250486,97.70680640067327,58.762917160047856
logging_only,P158,D07,CS-BO,30,2,0.3051490616598564,171.80380471022434,99.29487951200778,58.762917160047856
logging_only,P158,D07,WS-BO,30,0,0.3051294600149778,176.0569509199606,100.0,58.762917160047856
logging_only,P158,D07,WS-BO,30,1,0.30512193035688007,175.48059874738604,93.14235597168417,58.762917160047856
logging_only,P158,D07,WS-BO,30,2,0.3051326775488553,177.5723242055163,100.0,58.762917160047856
logging_only,P158,D07,HGS-only,0,0,0.30697438424708473,151.9775883418617,100.00000000000004,58.762917160047856
logging_only,P158,D07,HGS+BO5,5,0,0.30697438424708473,151.9775883418617,100.00000000000004,58.762917160047856
logging_only,P158,D07,HGS+BO10,10,0,0.30697438424708473,151.9775883418617,100.00000000000004,58.762917160047856
logging_only,P158,D08,CS-BO,30,0,0.28482954632710805,196.91317823693467,100.0,60.38989826891955
logging_only,P158,D08,CS-BO,30,1,0.2848161553206762,198.62734780817968,27.009011565169455,60.38989826891955
logging_only,P158,D08,CS-BO,30,2,0.2848401904074187,200.84981032925813,100.0,60.38989826891955
logging_only,P158,D08,WS-BO,30,0,0.28481028372241757,198.20620620256346,100.0,60.38989826891955
logging_only,P158,D08,WS-BO,30,1,0.2848161553206762,198.62734780817968,27.009011565169455,60.38989826891955
logging_only,P158,D08,WS-BO,30,2,0.28486890692446665,203.18892229690874,100.0,60.38989826891955
logging_only,P158,D08,HGS-only,0,0,0.2873549940453658,166.31319186617708,62.217464327592516,60.38989826891955
logging_only,P158,D08,HGS+BO5,5,0,0.28714318213166323,167.5921736445145,100.0,60.38989826891955
logging_only,P158,D08,HGS+BO10,10,0,0.28714318213166323,167.5921736445145,100.0,60.38989826891955
logging_only,P158,D09,CS-BO,30,0,0.291603775154893,193.28845319920694,100.0,59.89135384536244
logging_only,P158,D09,CS-BO,30,1,0.2916115041466379,196.97255377267345,85.15347185641848,59.89135384536244
logging_only,P158,D09,CS-BO,30,2,0.2916418742377941,198.49282161612217,100.0,59.89135384536244
logging_only,P158,D09,WS-BO,30,0,0.29161159200357456,196.9904877976338,100.0,59.89135384536244
logging_only,P158,D09,WS-BO,30,1,0.2916483784025299,198.62734780817968,27.009011565169455,59.89135384536244
logging_only,P158,D09,WS-BO,30,2,0.2916047771117683,192.6733942620916,99.53943570543079,59.89135384536244
logging_only,P158,D09,HGS-only,0,0,0.2946066112136084,161.0024989849614,31.456933943793345,59.89135384536244
logging_only,P158,D09,HGS+BO5,5,0,0.2944334332478228,162.04991110986592,4.4011392056436165,59.89135384536244
logging_only,P158,D09,HGS+BO10,10,0,0.2944334332478228,162.04991110986592,4.4011392056436165,59.89135384536244
logging_only,P158,D10,CS-BO,30,0,0.26135969254940117,204.84450485127786,1.7201408726367018,60.86779864115919
logging_only,P158,D10,CS-BO,30,1,0.26128740700928715,208.34637968463176,95.65721059619186,60.86779864115919
logging_only,P158,D10,CS-BO,30,2,0.2612735977550089,209.83599360669353,96.66328543847209,60.86779864115919
logging_only,P158,D10,WS-BO,30,0,0.2612698845060297,209.29234336184558,100.0,60.86779864115919
logging_only,P158,D10,WS-BO,30,1,0.26128775408155713,208.48844960612485,95.54029577328815,60.86779864115919
logging_only,P158,D10,WS-BO,30,2,0.2612869703091277,207.4402613511548,100.0,60.86779864115919
logging_only,P158,D10,HGS-only,0,0,0.26385489898360487,174.3043176568041,29.960988737586337,60.86779864115919
logging_only,P158,D10,HGS+BO5,5,0,0.26385489898360487,174.3043176568041,29.960988737586337,60.86779864115919
logging_only,P158,D10,HGS+BO10,10,0,0.26385489898360487,174.3043176568041,29.960988737586337,60.86779864115919
logging_only,P186,D01,CS-BO,30,0,0.7562004210551077,180.87236896009688,100.0,75.63537834142961
logging_only,P186,D01,CS-BO,30,1,0.7562031998596335,180.783281026145,100.0,75.63537834142961
logging_only,P186,D01,CS-BO,30,2,0.7562743812331629,187.52292327923269,100.0,75.63537834142961
logging_only,P186,D01,WS-BO,30,0,0.7563072484411528,178.9838596669672,99.88206473097817,75.63537834142961
logging_only,P186,D01,WS-BO,30,1,0.7561675638457207,183.1704082464621,75.64416249919732,75.63537834142961
logging_only,P186,D01,WS-BO,30,2,0.7561692803763845,183.696607552682,100.0,75.63537834142961
logging_only,P186,D01,HGS-only,0,0,0.8054373751930575,113.51074972882732,21.91277617864732,75.63537834142961
logging_only,P186,D01,HGS+BO5,5,0,0.7936173150622412,120.91291592340859,27.226308648462542,75.63537834142961
logging_only,P186,D01,HGS+BO10,10,0,0.7714752603812126,205.563384756546,0.020000000000000004,75.63537834142961
logging_only,P186,D02,CS-BO,30,0,0.8202522050964193,172.36652372115663,100.0,74.25410244593878
logging_only,P186,D02,CS-BO,30,1,0.820255727023137,171.96105870076556,93.70929743783074,74.25410244593878
logging_only,P186,D02,CS-BO,30,2,0.8202506969876506,174.44136710554653,98.91547821618931,74.25410244593878
logging_only,P186,D02,WS-BO,30,0,0.8204461818176748,178.27980771683093,100.0,74.25410244593878
logging_only,P186,D02,WS-BO,30,1,0.8202522237548893,172.96026529212992,95.95358456645691,74.25410244593878
logging_only,P186,D02,WS-BO,30,2,0.8202484670392587,174.3611357930124,100.0,74.25410244593878
logging_only,P186,D02,HGS-only,0,0,0.906724922184621,93.34151193587537,26.703662178640705,74.25410244593878
logging_only,P186,D02,HGS+BO5,5,0,0.849449081936877,120.91291592340859,27.226308648462542,74.25410244593878
logging_only,P186,D02,HGS+BO10,10,0,0.8410374062287118,202.18446703394892,0.020000000000000004,74.25410244593878
logging_only,P186,D03,CS-BO,30,0,0.7071713320233766,193.7457585995786,100.0,76.54063591342384
logging_only,P186,D03,CS-BO,30,1,0.7071760314757265,191.47285320936496,99.3513970168476,76.54063591342384
logging_only,P186,D03,CS-BO,30,2,0.7071751915818438,191.64702660789595,99.8366121901106,76.54063591342384
logging_only,P186,D03,WS-BO,30,0,0.7071897203146466,190.3706743207789,100.0,76.54063591342384
logging_only,P186,D03,WS-BO,30,1,0.7071659015654616,193.46555363086586,100.0,76.54063591342384
logging_only,P186,D03,WS-BO,30,2,0.7071844536685726,194.28879401773108,100.0,76.54063591342384
logging_only,P186,D03,HGS-only,0,0,0.7446256897902203,125.59205928363292,52.60147789613878,76.54063591342384
logging_only,P186,D03,HGS+BO5,5,0,0.7446256897902203,125.59205928363292,52.60147789613878,76.54063591342384
logging_only,P186,D03,HGS+BO10,10,0,0.7190601427716345,208.04092519673773,0.020000000000000004,76.54063591342384
logging_only,P186,D04,CS-BO,30,0,0.9093644298902941,162.48652397898385,100.0,72.05252088170282
logging_only,P186,D04,CS-BO,30,1,0.909339211462332,159.4916876095244,100.0,72.05252088170282
logging_only,P186,D04,CS-BO,30,2,0.9093549809461298,162.27715812965465,100.0,72.05252088170282
logging_only,P186,D04,WS-BO,30,0,0.9093228479602359,161.33116770827658,100.0,72.05252088170282
logging_only,P186,D04,WS-BO,30,1,0.909335896525191,160.17297579501425,100.0,72.05252088170282
logging_only,P186,D04,WS-BO,30,2,0.909335171156912,161.75702111511256,99.81729531426302,72.05252088170282
logging_only,P186,D04,HGS-only,0,0,1.1070308258208066,65.81330090316143,6.773674235021085,72.05252088170282
logging_only,P186,D04,HGS+BO5,5,0,0.9286517095334077,120.91291592340859,27.226308648462542,72.05252088170282
logging_only,P186,D04,HGS+BO10,10,0,0.9286517095334077,120.91291592340859,27.226308648462542,72.05252088170282
logging_only,P186,D05,CS-BO,30,0,0.6681262827721015,198.98859557802697,99.89666525658998,77.07060362655108
logging_only,P186,D05,CS-BO,30,1,0.6681342577578239,198.2791684694093,100.0,77.07060362655108
logging_only,P186,D05,CS-BO,30,2,0.6681418845164353,197.85137431798856,90.6417407762593,77.07060362655108
logging_only,P186,D05,WS-BO,30,0,0.668132235652625,198.42050948635728,100.0,77.07060362655108
logging_only,P186,D05,WS-BO,30,1,0.6681345887795652,198.62734780817968,27.009011565169455,77.07060362655108
logging_only,P186,D05,WS-BO,30,2,0.6681277583050405,198.82595714553202,93.46739193276966,77.07060362655108
logging_only,P186,D05,HGS-only,0,0,0.6984037780879261,135.4632008566465,23.85522416949724,77.07060362655108
logging_only,P186,D05,HGS+BO5,5,0,0.6966533105921688,137.0279132042087,71.56567250849172,77.07060362655108
logging_only,P186,D05,HGS+BO10,10,0,0.6784852304040984,216.2067881829617,0.020000000000000004,77.07060362655108
logging_only,P186,D06,CS-BO,30,0,0.8041235681708075,170.8454512689481,100.0,74.24562688969857
logging_only,P186,D06,CS-BO,30,1,0.8041376262042984,171.22772196148117,87.21903755852233,74.24562688969857
logging_only,P186,D06,CS-BO,30,2,0.8041169493817251,170.61619355786496,87.01377314126202,74.24562688969857
logging_only,P186,D06,WS-BO,30,0,0.8042561342481085,173.70183262879877,100.0,74.24562688969857
logging_only,P186,D06,WS-BO,30,1,0.8040999953731983,169.89091640187218,100.0,74.24562688969857
logging_only,P186,D06,WS-BO,30,2,0.8041045313383444,170.1323096769227,100.0,74.24562688969857
logging_only,P186,D06,HGS-only,0,0,0.8542303798797305,106.12044715451869,34.658312360246526,74.24562688969857
logging_only,P186,D06,HGS+BO5,5,0,0.830035137607877,120.91291592340859,27.226308648462542,74.24562688969857
logging_only,P186,D06,HGS+BO10,10,0,0.830035137607877,120.91291592340859,27.226308648462542,74.24562688969857
logging_only,P186,D07,CS-BO,30,0,0.8105135208364262,169.63067838716097,100.0,73.97577965978464
logging_only,P186,D07,CS-BO,30,1,0.8104826335859765,167.05817502503828,77.06666693311692,73.97577965978464
logging_only,P186,D07,CS-BO,30,2,0.8105322682522574,170.02208554942663,97.13926431454324,73.97577965978464
logging_only,P186,D07,WS-BO,30,0,0.8104857168167404,166.26453069360588,100.0,73.97577965978464
logging_only,P186,D07,WS-BO,30,1,0.8104916189223357,169.0835299900738,100.0,73.97577965978464
logging_only,P186,D07,WS-BO,30,2,0.8104723379260818,168.4474086975062,100.0,73.97577965978464
logging_only,P186,D07,HGS-only,0,0,0.8522822581699149,109.03027239557927,100.00000000000004,73.97577965978464
logging_only,P186,D07,HGS+BO5,5,0,0.8343811867519273,120.91291592340859,27.226308648462542,73.97577965978464
logging_only,P186,D07,HGS+BO10,10,0,0.8172561094923715,196.67677903746673,100.0,73.97577965978464
logging_only,P186,D08,CS-BO,30,0,0.7798511773598799,185.07947344333544,100.0,75.30528879202562
logging_only,P186,D08,CS-BO,30,1,0.779683946114909,182.29678259188975,100.0,75.30528879202562
logging_only,P186,D08,CS-BO,30,2,0.7797821711895437,184.12807052517812,100.0,75.30528879202562
logging_only,P186,D08,WS-BO,30,0,0.7796494490979663,179.7962952128706,100.0,75.30528879202562
logging_only,P186,D08,WS-BO,30,1,0.7796494399978666,178.99073017410993,100.0,75.30528879202562
logging_only,P186,D08,WS-BO,30,2,0.7796487585915564,179.1335536514508,100.0,75.30528879202562
logging_only,P186,D08,HGS-only,0,0,0.8402883575477751,106.12044715451869,34.658312360246526,75.30528879202562
logging_only,P186,D08,HGS+BO5,5,0,0.8141917236059837,120.91291592340859,27.226308648462542,75.30528879202562
logging_only,P186,D08,HGS+BO10,10,0,0.8129337384412209,237.1215576258179,0.020000000000000004,75.30528879202562
logging_only,P186,D09,CS-BO,30,0,0.7921933551295639,178.6154651792252,100.0,74.66673925543236
logging_only,P186,D09,CS-BO,30,1,0.792198830333901,177.55742956985077,79.77286073413475,74.66673925543236
logging_only,P186,D09,CS-BO,30,2,0.7922104730731854,179.1711327834621,98.03857643745518,74.66673925543236
logging_only,P186,D09,WS-BO,30,0,0.7923290415728177,181.48044659640442,100.0,74.66673925543236
logging_only,P186,D09,WS-BO,30,1,0.792206313667213,179.049901780138,100.0,74.66673925543236
logging_only,P186,D09,WS-BO,30,2,0.7921971479853575,177.45639768289192,99.25651850613446,74.66673925543236
logging_only,P186,D09,HGS-only,0,0,0.8594612673045703,102.08007170998582,23.592301179683645,74.66673925543236
logging_only,P186,D09,HGS+BO5,5,0,0.8246513064218672,120.91291592340859,27.226308648462542,74.66673925543236
logging_only,P186,D09,HGS+BO10,10,0,0.8102696151227724,202.89966011869586,0.020000000000000004,74.66673925543236
logging_only,P186,D10,CS-BO,30,0,0.7098707099851136,192.46794154468378,100.0,77.3004546905737
logging_only,P186,D10,CS-BO,30,1,0.7098518891931959,191.64165833161456,78.78614883623882,77.3004546905737
logging_only,P186,D10,CS-BO,30,2,0.7098444332122998,189.03424428848882,93.20413552768677,77.3004546905737
logging_only,P186,D10,WS-BO,30,0,0.7098387353422699,189.60494617776936,98.74542189387306,77.3004546905737
logging_only,P186,D10,WS-BO,30,1,0.7098586538485444,191.9646458363239,74.4008430872849,77.3004546905737
logging_only,P186,D10,WS-BO,30,2,0.7098414252780019,190.92949730443866,89.77322935273985,77.3004546905737
logging_only,P186,D10,HGS-only,0,0,0.7545349380008283,119.86276122223471,4.301583342346683,77.3004546905737
logging_only,P186,D10,HGS+BO5,5,0,0.7528555312479,120.91291592340859,27.226308648462542,77.3004546905737
logging_only,P186,D10,HGS+BO10,10,0,0.7216674874203788,204.11817575498497,0.020000000000000004,77.3004546905737
logging_only,P189,D01,CS-BO,30,0,2.406866173091589,132.90921354776222,100.0,32.592832065347004
logging_only,P189,D01,CS-BO,30,1,2.4068761104519862,133.02361258243837,91.28503776815734,32.592832065347004
logging_only,P189,D01,CS-BO,30,2,2.406867194943157,132.94994860881448,100.0,32.592832065347004
logging_only,P189,D01,WS-BO,30,0,2.407867387810857,129.96183092028258,10.898703759755598,32.592832065347004
logging_only,P189,D01,WS-BO,30,1,2.4108173125494647,120.26202256768728,14.230421428239012,32.592832065347004
logging_only,P189,D01,WS-BO,30,2,2.4070508034353715,132.97632044913897,28.52054972157682,32.592832065347004
logging_only,P189,D01,HGS-only,0,0,2.4124753134116843,116.681100846067,25.513413829634082,32.592832065347004
logging_only,P189,D01,HGS+BO5,5,0,2.4102664699510084,120.91291592340859,27.226308648462542,32.592832065347004
logging_only,P189,D01,HGS+BO10,10,0,2.4102664699510084,120.91291592340859,27.226308648462542,32.592832065347004
logging_only,P189,D02,CS-BO,30,0,2.619775218417703,122.06471421290858,53.63607164416795,31.636560457241096
logging_only,P189,D02,CS-BO,30,1,2.619992136353029,121.70902544474455,37.76149278441867,31.636560457241096
logging_only,P189,D02,CS-BO,30,2,2.6210454658283764,118.20831568060979,100.0,31.636560457241096
logging_only,P189,D02,WS-BO,30,0,2.620303950395676,120.91291592340859,27.226308648462542,31.636560457241096
logging_only,P189,D02,WS-BO,30,1,2.6207980351043965,118.80325520862208,100.0,31.636560457241096
logging_only,P189,D02,WS-BO,30,2,2.6205311545715007,119.54706752403992,100.0,31.636560457241096
logging_only,P189,D02,HGS-only,0,0,2.6245077962612777,137.0279132042087,71.56567250849172,31.636560457241096
logging_only,P189,D02,HGS+BO5,5,0,2.620303950395676,120.91291592340859,27.226308648462542,31.636560457241096
logging_only,P189,D02,HGS+BO10,10,0,2.620303950395676,120.91291592340859,27.226308648462542,31.636560457241096
logging_only,P189,D03,CS-BO,30,0,2.2430417235441937,141.1360543556994,100.0,33.377871412271965
logging_only,P189,D03,CS-BO,30,1,2.243041838458114,138.65780489480022,100.0,33.377871412271965
logging_only,P189,D03,CS-BO,30,2,2.243103354259749,137.9484675605438,98.94336113981333,33.377871412271965
logging_only,P189,D03,WS-BO,30,0,2.2430420506195423,140.06860391369486,94.04656733759957,33.377871412271965
logging_only,P189,D03,WS-BO,30,1,2.2430197756622254,141.3215183825814,58.008121411964744,33.377871412271965
logging_only,P189,D03,WS-BO,30,2,2.2430407913936192,140.10604119086193,100.0,33.377871412271965
logging_only,P189,D03,HGS-only,0,0,2.246044593238011,125.59205928363292,52.60147789613878,33.377871412271965
logging_only,P189,D03,HGS+BO5,5,0,2.246044593238011,125.59205928363292,52.60147789613878,33.377871412271965
logging_only,P189,D03,HGS+BO10,10,0,2.246044593238011,125.59205928363292,52.60147789613878,33.377871412271965
logging_only,P189,D04,CS-BO,30,0,2.9155053194985734,133.58403061888544,100.0,30.168736427389327
logging_only,P189,D04,CS-BO,30,1,2.915119148074652,106.33406013373052,36.26814866678759,30.168736427389327
logging_only,P189,D04,CS-BO,30,2,2.9125145232927507,110.24279186311108,29.670576925230684,30.168736427389327
logging_only,P189,D04,WS-BO,30,0,2.9141470865700727,107.41373084280524,100.0,30.168736427389327
logging_only,P189,D04,WS-BO,30,1,2.9123474996547536,111.00278528902066,18.712423674575902,30.168736427389327
logging_only,P189,D04,WS-BO,30,2,2.912795425960894,109.43490457796534,100.0,30.168736427389327
logging_only,P189,D04,HGS-only,0,0,2.9152219739103367,125.59205928363292,52.60147789613878,30.168736427389327
logging_only,P189,D04,HGS+BO5,5,0,2.9151674144914526,124.08512667075661,100.0,30.168736427389327
logging_only,P189,D04,HGS+BO10,10,0,2.9151674144914526,124.08512667075661,100.0,30.168736427389327
logging_only,P189,D05,CS-BO,30,0,2.1115114131947847,147.22768131855744,29.237974455325272,34.04763009607868
logging_only,P189,D05,CS-BO,30,1,2.1113718498710132,145.65731423514433,100.0,34.04763009607868
logging_only,P189,D05,CS-BO,30,2,2.111390634537275,143.67728779929934,99.65582900303298,34.04763009607868
logging_only,P189,D05,WS-BO,30,0,2.1113486219648765,146.2102801371397,92.44803759091522,34.04763009607868
logging_only,P189,D05,WS-BO,30,1,2.1113858447786753,143.59114518658527,100.0,34.04763009607868
logging_only,P189,D05,WS-BO,30,2,2.1113941108354175,147.37822564609095,100.0,34.04763009607868
logging_only,P189,D05,HGS-only,0,0,2.1140436438495973,129.55772540959038,71.86399975647099,34.04763009607868
logging_only,P189,D05,HGS+BO5,5,0,2.1140436438495973,129.55772540959038,71.86399975647099,34.04763009607868
logging_only,P189,D05,HGS+BO10,10,0,2.1140436438495973,129.55772540959038,71.86399975647099,34.04763009607868
logging_only,P189,D06,CS-BO,30,0,2.4056785623303023,132.28183136634408,100.0,33.05458822043756
logging_only,P189,D06,CS-BO,30,1,2.4049470896065794,133.90908844799054,51.43680277840725,33.05458822043756
logging_only,P189,D06,CS-BO,30,2,2.4067308656465203,159.89728964697395,100.0,33.05458822043756
logging_only,P189,D06,WS-BO,30,0,2.4067492866975155,148.30149944014195,98.27967245348351,33.05458822043756
logging_only,P189,D06,WS-BO,30,1,2.406493169270612,155.75346384903133,78.86177223400995,33.05458822043756
logging_only,P189,D06,WS-BO,30,2,2.4048708405289863,133.92572842136187,100.0,33.05458822043756
logging_only,P189,D06,HGS-only,0,0,2.4064212831016007,153.86234487989054,100.00000000000004,33.05458822043756
logging_only,P189,D06,HGS+BO5,5,0,2.4064212831016007,153.86234487989054,100.00000000000004,33.05458822043756
logging_only,P189,D06,HGS+BO10,10,0,2.4064212831016007,153.86234487989054,100.00000000000004,33.05458822043756
logging_only,P189,D07,CS-BO,30,0,2.323801498400507,168.69251510109694,68.78559414487742,32.429220361992236
logging_only,P189,D07,CS-BO,30,1,2.3237758160174136,166.1232599832957,100.0,32.429220361992236
logging_only,P189,D07,CS-BO,30,2,2.3238555913714536,164.67793315687268,100.0,32.429220361992236
logging_only,P189,D07,WS-BO,30,0,2.324090374039208,166.77629684572318,22.96210475101816,32.429220361992236
logging_only,P189,D07,WS-BO,30,1,2.3238059354584717,167.35765637404486,100.0,32.429220361992236
logging_only,P189,D07,WS-BO,30,2,2.324273448033253,161.86797981822733,31.679815649718545,32.429220361992236
logging_only,P189,D07,HGS-only,0,0,2.324355881842071,161.0024989849614,31.456933943793345,32.429220361992236
logging_only,P189,D07,HGS+BO5,5,0,2.324355881842071,161.0024989849614,31.456933943793345,32.429220361992236
logging_only,P189,D07,HGS+BO10,10,0,2.324355881842071,161.0024989849614,31.456933943793345,32.429220361992236
logging_only,P189,D08,CS-BO,30,0,2.4699036112628385,125.2573245021444,6.4959245870472735,32.18573549607996
logging_only,P189,D08,CS-BO,30,1,2.467915840800118,128.88361106972707,32.68038261276673,32.18573549607996
logging_only,P189,D08,CS-BO,30,2,2.469096165963158,126.81802755981644,8.997152447840755,32.18573549607996
logging_only,P189,D08,WS-BO,30,0,2.470845830833857,120.91291592340859,27.226308648462542,32.18573549607996
logging_only,P189,D08,WS-BO,30,1,2.4716550428556276,119.72518330440121,16.403467954817607,32.18573549607996
logging_only,P189,D08,WS-BO,30,2,2.4679058752411893,128.38997537573874,100.0,32.18573549607996
logging_only,P189,D08,HGS-only,0,0,2.472099692965351,139.85935268982442,44.13974479710715,32.18573549607996
logging_only,P189,D08,HGS+BO5,5,0,2.470845830833857,120.91291592340859,27.226308648462542,32.18573549607996
logging_only,P189,D08,HGS+BO10,10,0,2.470845830833857,120.91291592340859,27.226308648462542,32.18573549607996
logging_only,P189,D09,CS-BO,30,0,2.546077028627025,126.57294194503467,54.503900506737054,32.44597759008306
logging_only,P189,D09,CS-BO,30,1,2.545963551590365,127.68753783826281,97.79394881749482,32.44597759008306
logging_only,P189,D09,CS-BO,30,2,2.5460117935336184,126.62372324558228,98.75991762894587,32.44597759008306
logging_only,P189,D09,WS-BO,30,0,2.5460099445016855,126.54931020280762,98.35623138889088,32.44597759008306
logging_only,P189,D09,WS-BO,30,1,2.548618739233226,116.7776684662299,100.0,32.44597759008306
logging_only,P189,D09,WS-BO,30,2,2.546340286295074,125.16770045927713,34.98880411673997,32.44597759008306
logging_only,P189,D09,HGS-only,0,0,2.549851600282252,114.21014145380961,90.08034731137494,32.44597759008306
logging_only,P189,D09,HGS+BO5,5,0,2.547397731382228,120.91291592340859,27.226308648462542,32.44597759008306
logging_only,P189,D09,HGS+BO10,10,0,2.547397731382228,120.91291592340859,27.226308648462542,32.44597759008306
logging_only,P189,D10,CS-BO,30,0,2.2116226909787393,145.8500188207016,100.0,31.71993981958567
logging_only,P189,D10,CS-BO,30,1,2.211573341232565,142.26342420831466,100.0,31.71993981958567
logging_only,P189,D10,CS-BO,30,2,2.2115663647530943,142.1624093695926,100.0,31.71993981958567
logging_only,P189,D10,WS-BO,30,0,2.211563100610218,144.018151409906,100.0,31.71993981958567
logging_only,P189,D10,WS-BO,30,1,2.2115834715173124,144.92150616652052,100.0,31.71993981958567
logging_only,P189,D10,WS-BO,30,2,2.2116984579015186,146.91084688053843,100.0,31.71993981958567
logging_only,P189,D10,HGS-only,0,0,2.212402025544109,134.52370788797185,100.00000000000004,31.71993981958567
logging_only,P189,D10,HGS+BO5,5,0,2.212402025544109,134.52370788797185,100.00000000000004,31.71993981958567
logging_only,P189,D10,HGS+BO10,10,0,2.212402025544109,134.52370788797185,100.00000000000004,31.71993981958567
