protocol,pool_id,drift,method,real_evals,seed,final_best_cost,best_kp,best_ti_scale,twin_mare_percent
field_matched,P001,D01,CS-BO,30,0,0.007670955799507953,10.801781918626784,31.01986816150672,5.231697918471124
field_matched,P001,D01,CS-BO,30,1,0.007664720504180058,10.531422157980238,44.031111094438764,5.231697918471124
field_matched,P001,D01,CS-BO,30,2,0.007629073523566518,10.59711135551042,100.0,5.231697918471124
field_matched,P001,D01,WS-BO,30,0,0.008029072860556883,10.762249082496156,4.610289633766071,5.231697918471124
field_matched,P001,D01,WS-BO,30,1,0.007583545899197606,10.698663633437796,100.0,5.231697918471124
field_matched,P001,D01,WS-BO,30,2,0.007732807725399181,10.963030130918193,100.0,5.231697918471124
field_matched,P001,D01,HGS-only,0,0,0.7736950767597837,26.25135690572372,40.80348713701117,5.231697918471124
field_matched,P001,D01,HGS+BO5,5,0,0.44029304553081766,22.18104596197019,26.54261302421588,5.231697918471124
field_matched,P001,D01,HGS+BO10,10,0,0.12903280992693641,2.8605558409218617,1.1692272723095003,5.231697918471124
field_matched,P001,D02,CS-BO,30,0,0.008700682653687073,9.950294664804714,95.31044646705506,2.283394540157078
field_matched,P001,D02,CS-BO,30,1,0.00868744242020469,9.926428735326768,38.52751097312745,2.283394540157078
field_matched,P001,D02,CS-BO,30,2,0.008784642592438233,9.704719163693959,100.0,2.283394540157078
field_matched,P001,D02,WS-BO,30,0,0.008770353190020093,9.717780319023555,42.88729867184764,2.283394540157078
field_matched,P001,D02,WS-BO,30,1,0.008656416856852287,9.929106464971667,100.0,2.283394540157078
field_matched,P001,D02,WS-BO,30,2,0.008698523456204707,9.876713899055648,39.872327971830316,2.283394540157078
field_matched,P001,D02,HGS-only,0,0,0.8318682434603268,24.857870014930636,10.828981940598418,2.283394540157078
field_matched,P001,D02,HGS+BO5,5,0,0.580401511185362,22.18104596197019,26.54261302421588,2.283394540157078
field_matched,P001,D02,HGS+BO10,10,0,0.12771348228351145,2.8605558409218617,1.1692272723095003,2.283394540157078
field_matched,P001,D03,CS-BO,30,0,0.007048833408117591,10.903085656597877,100.0,9.340231631744864
field_matched,P001,D03,CS-BO,30,1,0.006775143674701341,11.30688238024407,100.0,9.340231631744864
field_matched,P001,D03,CS-BO,30,2,0.0068442558791337775,11.100862141517663,100.0,9.340231631744864
field_matched,P001,D03,WS-BO,30,0,0.007152219292867981,10.80953282047272,100.0,9.340231631744864
field_matched,P001,D03,WS-BO,30,1,0.006854210889069747,11.592209544836289,100.0,9.340231631744864
field_matched,P001,D03,WS-BO,30,2,0.006810041204499943,11.517991517454076,99.9160929484903,9.340231631744864
field_matched,P001,D03,HGS-only,0,0,0.7402011618440323,27.640148725445336,57.44974284284848,9.340231631744864
field_matched,P001,D03,HGS+BO5,5,0,0.34014458779451756,22.18104596197019,26.54261302421588,9.340231631744864
field_matched,P001,D03,HGS+BO10,10,0,0.12990945101604282,2.8605558409218617,1.1692272723095003,9.340231631744864
field_matched,P001,D04,CS-BO,30,0,0.010204011266722544,9.027584628851326,61.14261800508317,1.2646052678891624
field_matched,P001,D04,CS-BO,30,1,0.011136459875614443,8.641183875732716,3.4529166357760297,1.2646052678891624
field_matched,P001,D04,CS-BO,30,2,0.010395255599863758,9.351083922645335,100.0,1.2646052678891624
field_matched,P001,D04,WS-BO,30,0,0.010388673906568793,9.31739371231709,35.988659492721304,1.2646052678891624
field_matched,P001,D04,WS-BO,30,1,0.010232413637666127,9.095396480827596,100.0,1.2646052678891624
field_matched,P001,D04,WS-BO,30,2,0.010198185065245346,9.057604481457158,100.0,1.2646052678891624
field_matched,P001,D04,HGS-only,0,0,0.9406862440012718,23.61224986351789,54.88862838846158,1.2646052678891624
field_matched,P001,D04,HGS+BO5,5,0,0.785794413195781,22.18104596197019,26.54261302421588,1.2646052678891624
field_matched,P001,D04,HGS+BO10,10,0,0.1257393408914659,2.8605558409218617,1.1692272723095003,1.2646052678891624
field_matched,P001,D05,CS-BO,30,0,0.006370023868255505,11.553606269457722,12.621012116262436,13.96948111287363
field_matched,P001,D05,CS-BO,30,1,0.006152856384080785,11.983902776554805,100.0,13.96948111287363
field_matched,P001,D05,CS-BO,30,2,0.006234300732682682,11.891212033669769,13.514875450440313,13.96948111287363
field_matched,P001,D05,WS-BO,30,0,0.006174800091106892,11.849838763262593,31.171474250125232,13.96948111287363
field_matched,P001,D05,WS-BO,30,1,0.006160445958866171,12.026444415871632,100.0,13.96948111287363
field_matched,P001,D05,WS-BO,30,2,0.0061914741749814544,11.850411033762871,100.0,13.96948111287363
field_matched,P001,D05,HGS-only,0,0,0.7438105225178631,29.28104305841251,9.189596099604065,13.96948111287363
field_matched,P001,D05,HGS+BO5,5,0,0.26627715779489475,22.18104596197019,26.54261302421588,13.96948111287363
field_matched,P001,D05,HGS+BO10,10,0,0.13079661614968066,2.8605558409218617,1.1692272723095003,13.96948111287363
field_matched,P001,D06,CS-BO,30,0,0.007308255608102478,10.986579807183176,9.851060055098465,2.345839089062105
field_matched,P001,D06,CS-BO,30,1,0.005743983403809386,12.457655725644626,9.641754994848501,2.345839089062105
field_matched,P001,D06,CS-BO,30,2,0.005654349024823242,12.482506000120143,50.22547453902049,2.345839089062105
field_matched,P001,D06,WS-BO,30,0,0.005705704071660141,12.70600075649868,30.040693380622365,2.345839089062105
field_matched,P001,D06,WS-BO,30,1,0.005692091141454448,12.755790501583101,100.0,2.345839089062105
field_matched,P001,D06,WS-BO,30,2,0.005732370104644462,12.477083228468036,12.251920327134453,2.345839089062105
field_matched,P001,D06,HGS-only,0,0,1.774406768530183,42.96413954939052,88.51558724526777,2.345839089062105
field_matched,P001,D06,HGS+BO5,5,0,0.20981698947306657,22.18104596197019,26.54261302421588,2.345839089062105
field_matched,P001,D06,HGS+BO10,10,0,0.13169783734792576,2.8605558409218617,1.1692272723095003,2.345839089062105
field_matched,P001,D07,CS-BO,30,0,0.004183738033903995,15.802547674864938,54.16160029853164,2.9377351184494094
field_matched,P001,D07,CS-BO,30,1,0.004174591177788358,14.656634308772215,9.257945789615798,2.9377351184494094
field_matched,P001,D07,CS-BO,30,2,0.003973484771448389,15.226805139981815,100.0,2.9377351184494094
field_matched,P001,D07,WS-BO,30,0,0.00409307919148157,14.788315785888722,25.555911445175223,2.9377351184494094
field_matched,P001,D07,WS-BO,30,1,0.004006323067127161,15.122742740440579,31.015808924049526,2.9377351184494094
field_matched,P001,D07,WS-BO,30,2,0.0040072436483268754,15.471693719530101,100.0,2.9377351184494094
field_matched,P001,D07,HGS-only,0,0,3.174863458517227,70.34961386524371,18.848369016931144,2.9377351184494094
field_matched,P001,D07,HGS+BO5,5,0,0.06378689430191496,22.18104596197019,26.54261302421588,2.9377351184494094
field_matched,P001,D07,HGS+BO10,10,0,0.06378689430191496,22.18104596197019,26.54261302421588,2.9377351184494094
field_matched,P001,D08,CS-BO,30,0,0.007388273181275614,10.820766538317105,33.315523821516265,3.2298407541814305
field_matched,P001,D08,CS-BO,30,1,0.007471063555230228,11.175250055093084,100.0,3.2298407541814305
field_matched,P001,D08,CS-BO,30,2,0.0073616271780567975,10.803285125441029,34.39373507886784,3.2298407541814305
field_matched,P001,D08,WS-BO,30,0,0.007650563358825922,11.025650121838359,6.912456623819689,3.2298407541814305
field_matched,P001,D08,WS-BO,30,1,0.0073471709907029555,10.9456965285769,100.0,3.2298407541814305
field_matched,P001,D08,WS-BO,30,2,0.007370882697743145,11.03905925972775,100.0,3.2298407541814305
field_matched,P001,D08,HGS-only,0,0,1.0846107126255573,30.140890514049847,83.10773000900869,3.2298407541814305
field_matched,P001,D08,HGS+BO5,5,0,0.4073674538605542,22.18104596197019,26.54261302421588,3.2298407541814305
field_matched,P001,D08,HGS+BO10,10,0,0.12949386382766287,2.8605558409218617,1.1692272723095003,3.2298407541814305
field_matched,P001,D09,CS-BO,30,0,0.00904278811935406,9.671157008454214,22.907594868988,4.059979273275033
field_matched,P001,D09,CS-BO,30,1,0.009013549304668148,9.665707565007422,100.0,4.059979273275033
field_matched,P001,D09,CS-BO,30,2,0.009114681235256071,9.475415406583348,100.0,4.059979273275033
field_matched,P001,D09,WS-BO,30,0,0.00908148382532881,9.926709414157854,60.26438089765693,4.059979273275033
field_matched,P001,D09,WS-BO,30,1,0.008961673199852834,9.777107760109581,100.0,4.059979273275033
field_matched,P001,D09,WS-BO,30,2,0.008994648492524935,9.623620243106455,100.0,4.059979273275033
field_matched,P001,D09,HGS-only,0,0,0.4706638677256748,20.458266244414386,58.898330698525825,4.059979273275033
field_matched,P001,D09,HGS+BO5,5,0,0.4432056382994729,20.1235909797209,64.96082537779876,4.059979273275033
field_matched,P001,D09,HGS+BO10,10,0,0.127028304195745,2.8605558409218617,1.1692272723095003,4.059979273275033
field_matched,P001,D10,CS-BO,30,0,0.006000452106047573,11.94303408522008,23.645890369978215,5.911655175293483
field_matched,P001,D10,CS-BO,30,1,0.005527357054692672,12.524619473732422,36.14824346834855,5.911655175293483
field_matched,P001,D10,CS-BO,30,2,0.005512524307769547,12.53015434424993,100.0,5.911655175293483
field_matched,P001,D10,WS-BO,30,0,0.00555318484383184,13.09789981156912,62.137888736601745,5.911655175293483
field_matched,P001,D10,WS-BO,30,1,0.005480193106258692,12.752289746794276,50.15941732936957,5.911655175293483
field_matched,P001,D10,WS-BO,30,2,0.005550609059780213,13.102452347650678,94.97422074873715,5.911655175293483
field_matched,P001,D10,HGS-only,0,0,1.4454160602669224,40.08280133231231,71.11998692280825,5.911655175293483
field_matched,P001,D10,HGS+BO5,5,0,0.190471795156103,22.18104596197019,26.54261302421588,5.911655175293483
field_matched,P001,D10,HGS+BO10,10,0,0.1319273680208658,2.8605558409218617,1.1692272723095003,5.911655175293483
field_matched,P049,D01,CS-BO,30,0,0.029257914590766338,11.986487169898417,100.0,7.619369104199569
field_matched,P049,D01,CS-BO,30,1,0.02920693813967829,12.11078773198918,100.0,7.619369104199569
field_matched,P049,D01,CS-BO,30,2,0.029362494834163377,12.406113597025408,16.17787257944888,7.619369104199569
field_matched,P049,D01,WS-BO,30,0,0.029440804846753266,11.811638659693404,100.0,7.619369104199569
field_matched,P049,D01,WS-BO,30,1,0.02926170842830162,11.994033789511821,100.0,7.619369104199569
field_matched,P049,D01,WS-BO,30,2,0.02933036285179397,12.170363431980727,7.251910065946274,7.619369104199569
field_matched,P049,D01,HGS-only,0,0,0.07198402530146328,16.096718168475455,87.37823689847632,7.619369104199569
field_matched,P049,D01,HGS+BO5,5,0,0.06722094842993329,15.862871516128685,18.599906543919836,7.619369104199569
field_matched,P049,D01,HGS+BO10,10,0,0.06722094842993329,15.862871516128685,18.599906543919836,7.619369104199569
field_matched,P049,D02,CS-BO,30,0,0.031804187153205085,11.31842684358844,100.0,7.570420637724454
field_matched,P049,D02,CS-BO,30,1,0.03184913746004235,11.425434076532273,23.222518467025267,7.570420637724454
field_matched,P049,D02,CS-BO,30,2,0.03183901879872165,11.29878954654091,18.944125380242145,7.570420637724454
field_matched,P049,D02,WS-BO,30,0,0.031939360644800185,11.106746288088685,100.0,7.570420637724454
field_matched,P049,D02,WS-BO,30,1,0.03180932780806364,11.22104180935591,100.0,7.570420637724454
field_matched,P049,D02,WS-BO,30,2,0.031804007855064445,11.426965141624896,100.0,7.570420637724454
field_matched,P049,D02,HGS-only,0,0,0.08302278268280255,15.26172784932799,16.563699212825753,7.570420637724454
field_matched,P049,D02,HGS+BO5,5,0,0.08302278268280255,15.26172784932799,16.563699212825753,7.570420637724454
field_matched,P049,D02,HGS+BO10,10,0,0.08302278268280255,15.26172784932799,16.563699212825753,7.570420637724454
field_matched,P049,D03,CS-BO,30,0,0.02746853984735631,12.534032161656716,9.36085340762451,7.56548828095754
field_matched,P049,D03,CS-BO,30,1,0.027314199747592704,12.63647791678357,100.0,7.56548828095754
field_matched,P049,D03,CS-BO,30,2,0.02729267888439709,13.041538285411708,14.413639793191253,7.56548828095754
field_matched,P049,D03,WS-BO,30,0,0.028059585595109408,13.648758122871447,100.0,7.56548828095754
field_matched,P049,D03,WS-BO,30,1,0.027297768816961658,13.203785104083922,100.0,7.56548828095754
field_matched,P049,D03,WS-BO,30,2,0.02719584402921522,12.896140514275514,100.0,7.56548828095754
field_matched,P049,D03,HGS-only,0,0,0.06361099977676957,16.82808778658866,30.38908462635301,7.56548828095754
field_matched,P049,D03,HGS+BO5,5,0,0.06361099977676957,16.82808778658866,30.38908462635301,7.56548828095754
field_matched,P049,D03,HGS+BO10,10,0,0.06361099977676957,16.82808778658866,30.38908462635301,7.56548828095754
field_matched,P049,D04,CS-BO,30,0,0.035422060794975965,10.338787553080616,9.711418663956634,7.392892772355116
field_matched,P049,D04,CS-BO,30,1,0.035353767098042166,10.29152784272759,17.975313531978816,7.392892772355116
field_matched,P049,D04,CS-BO,30,2,0.035287436521950336,10.608349525168355,100.0,7.392892772355116
field_matched,P049,D04,WS-BO,30,0,0.03581331306575499,10.007091447901944,12.774494961687093,7.392892772355116
field_matched,P049,D04,WS-BO,30,1,0.03562194857040506,10.08159842841794,100.0,7.392892772355116
field_matched,P049,D04,WS-BO,30,2,0.035281304156901235,10.392010454060307,29.078455049940846,7.392892772355116
field_matched,P049,D04,HGS-only,0,0,0.10531501868206183,14.52057191713374,8.13283764776319,7.392892772355116
field_matched,P049,D04,HGS+BO5,5,0,0.10531501868206183,14.52057191713374,8.13283764776319,7.392892772355116
field_matched,P049,D04,HGS+BO10,10,0,0.10531501868206183,14.52057191713374,8.13283764776319,7.392892772355116
field_matched,P049,D05,CS-BO,30,0,0.02582178379693221,13.860853051496717,6.032925611822288,7.418012550240609
field_matched,P049,D05,CS-BO,30,1,0.025969152507418363,13.008227711102245,100.0,7.418012550240609
field_matched,P049,D05,CS-BO,30,2,0.025582763553786515,13.758412981185462,100.0,7.418012550240609
field_matched,P049,D05,WS-BO,30,0,0.025786927642393563,14.00191166478052,100.0,7.418012550240609
field_matched,P049,D05,WS-BO,30,1,0.025582880040697496,13.630997119887764,49.150590236105614,7.418012550240609
field_matched,P049,D05,WS-BO,30,2,0.025697907725831637,13.437859452171924,6.447483443812942,7.418012550240609
field_matched,P049,D05,HGS-only,0,0,0.05467504491813765,17.353607380317033,29.310238281648243,7.418012550240609
field_matched,P049,D05,HGS+BO5,5,0,0.05467504491813765,17.353607380317033,29.310238281648243,7.418012550240609
field_matched,P049,D05,HGS+BO10,10,0,0.05467504491813765,17.353607380317033,29.310238281648243,7.418012550240609
field_matched,P049,D06,CS-BO,30,0,0.023709385397704015,14.554818306173653,60.60567838864283,7.696882140155356
field_matched,P049,D06,CS-BO,30,1,0.02462022185095046,15.279177194064832,11.14543767528267,7.696882140155356
field_matched,P049,D06,CS-BO,30,2,0.023794044287987252,14.746433286719373,100.0,7.696882140155356
field_matched,P049,D06,WS-BO,30,0,0.02374322440383958,14.615520184966506,31.049142330156446,7.696882140155356
field_matched,P049,D06,WS-BO,30,1,0.023734179686965014,14.267971954757593,45.63036310738661,7.696882140155356
field_matched,P049,D06,WS-BO,30,2,0.024012221631783022,14.9645349922824,100.0,7.696882140155356
field_matched,P049,D06,HGS-only,0,0,0.16801523027457987,23.135985197197463,11.649715757501239,7.696882140155356
field_matched,P049,D06,HGS+BO5,5,0,0.13617544459321917,22.18104596197019,26.54261302421588,7.696882140155356
field_matched,P049,D06,HGS+BO10,10,0,0.13617544459321917,22.18104596197019,26.54261302421588,7.696882140155356
field_matched,P049,D07,CS-BO,30,0,0.018753672620309775,17.36543008018704,67.092512502931,8.159660509718405
field_matched,P049,D07,CS-BO,30,1,0.01886562244428547,17.862797498637025,5.19595020968797,8.159660509718405
field_matched,P049,D07,CS-BO,30,2,0.018716397026309468,17.70610465642517,100.0,8.159660509718405
field_matched,P049,D07,WS-BO,30,0,0.019037957778161238,16.853611790403694,100.0,8.159660509718405
field_matched,P049,D07,WS-BO,30,1,0.018798092783361017,17.62557589064187,5.0834146482229094,8.159660509718405
field_matched,P049,D07,WS-BO,30,2,0.018708427779271855,17.81225119012451,100.0,8.159660509718405
field_matched,P049,D07,HGS-only,0,0,0.40959537409961083,35.26701009699691,28.056845150685007,8.159660509718405
field_matched,P049,D07,HGS+BO5,5,0,0.039389479374671715,22.18104596197019,26.54261302421588,8.159660509718405
field_matched,P049,D07,HGS+BO10,10,0,0.039389479374671715,22.18104596197019,26.54261302421588,8.159660509718405
field_matched,P049,D08,CS-BO,30,0,0.028384554660660945,12.747678084646518,6.212779292945796,8.077461786691906
field_matched,P049,D08,CS-BO,30,1,0.028212646541764273,12.397199147357876,100.0,8.077461786691906
field_matched,P049,D08,CS-BO,30,2,0.028280540358852368,12.434536047351886,7.359922711133728,8.077461786691906
field_matched,P049,D08,WS-BO,30,0,0.028695077418307586,12.019749264540804,6.377866052851873,8.077461786691906
field_matched,P049,D08,WS-BO,30,1,0.028159768222489518,12.557841482683,100.0,8.077461786691906
field_matched,P049,D08,WS-BO,30,2,0.02824191741565902,12.808116486588823,100.0,8.077461786691906
field_matched,P049,D08,HGS-only,0,0,0.0877802397549892,17.353607380317033,29.310238281648243,8.077461786691906
field_matched,P049,D08,HGS+BO5,5,0,0.0877802397549892,17.353607380317033,29.310238281648243,8.077461786691906
field_matched,P049,D08,HGS+BO10,10,0,0.0877802397549892,17.353607380317033,29.310238281648243,8.077461786691906
field_matched,P049,D09,CS-BO,30,0,0.03307925716733274,11.108139831608005,100.0,7.145620575818226
field_matched,P049,D09,CS-BO,30,1,0.033150871930391665,11.091088446345088,13.251499462245777,7.145620575818226
field_matched,P049,D09,CS-BO,30,2,0.03313052413838087,10.871165870737602,32.75615243709394,7.145620575818226
field_matched,P049,D09,WS-BO,30,0,0.033187908486364215,10.975835842613728,10.718452008299161,7.145620575818226
field_matched,P049,D09,WS-BO,30,1,0.03318571243602231,10.771620114592654,100.0,7.145620575818226
field_matched,P049,D09,WS-BO,30,2,0.03308531526408399,10.931062695230732,38.74425136089419,7.145620575818226
field_matched,P049,D09,HGS-only,0,0,0.06375755418278464,13.872876753888136,36.61644323555567,7.145620575818226
field_matched,P049,D09,HGS+BO5,5,0,0.05974756718827784,13.675549600367715,100.0,7.145620575818226
field_matched,P049,D09,HGS+BO10,10,0,0.05974756718827784,13.675549600367715,100.0,7.145620575818226
field_matched,P049,D10,CS-BO,30,0,0.023295985654601583,14.566673915759539,24.121033305934144,8.325443195629031
field_matched,P049,D10,CS-BO,30,1,0.02396013822222166,15.453481879280481,11.063438776349363,8.325443195629031
field_matched,P049,D10,CS-BO,30,2,0.023270492861847014,14.859675759386919,100.0,8.325443195629031
field_matched,P049,D10,WS-BO,30,0,0.02323371771755265,14.707330751174782,63.870078047812136,8.325443195629031
field_matched,P049,D10,WS-BO,30,1,0.023268702018936896,14.530104087037175,44.200794028736624,8.325443195629031
field_matched,P049,D10,WS-BO,30,2,0.023343804142786834,15.03015373048102,100.0,8.325443195629031
field_matched,P049,D10,HGS-only,0,0,0.12069371079115035,22.097945887133186,48.263888164662475,8.325443195629031
field_matched,P049,D10,HGS+BO5,5,0,0.11226881167479148,21.793509338583576,68.26277871281695,8.325443195629031
field_matched,P049,D10,HGS+BO10,10,0,0.11226881167479148,21.793509338583576,68.26277871281695,8.325443195629031
field_matched,P053,D01,CS-BO,30,0,0.21200472171044735,25.716810585917674,25.07294714065092,12.07681612073533
field_matched,P053,D01,CS-BO,30,1,0.21176916730894474,25.183879080924626,100.0,12.07681612073533
field_matched,P053,D01,CS-BO,30,2,0.21176622200050918,25.321247803629674,100.0,12.07681612073533
field_matched,P053,D01,WS-BO,30,0,0.21184471423336182,25.020644062241022,97.97639141291587,12.07681612073533
field_matched,P053,D01,WS-BO,30,1,0.21176760183587767,25.299138210267547,93.78526600464355,12.07681612073533
field_matched,P053,D01,WS-BO,30,2,0.21197033194579964,25.629761353903973,14.388642031894586,12.07681612073533
field_matched,P053,D01,HGS-only,0,0,0.21791373011176704,27.41079028916939,17.96760340582879,12.07681612073533
field_matched,P053,D01,HGS+BO5,5,0,0.21791373011176704,27.41079028916939,17.96760340582879,12.07681612073533
field_matched,P053,D01,HGS+BO10,10,0,0.21791373011176704,27.41079028916939,17.96760340582879,12.07681612073533
field_matched,P053,D02,CS-BO,30,0,0.23146935011073286,23.23519493341915,26.230528330300075,11.926112466176669
field_matched,P053,D02,CS-BO,30,1,0.23140731165166478,23.389943086125516,100.0,11.926112466176669
field_matched,P053,D02,CS-BO,30,2,0.231429825376008,23.490547645895326,100.0,11.926112466176669
field_matched,P053,D02,WS-BO,30,0,0.23146224742872878,23.141795380483124,45.75395246307449,11.926112466176669
field_matched,P053,D02,WS-BO,30,1,0.23141891108369947,23.23649384579617,100.0,11.926112466176669
field_matched,P053,D02,WS-BO,30,2,0.2314242144403081,23.381006299527918,48.188108108187656,11.926112466176669
field_matched,P053,D02,HGS-only,0,0,0.23709234450585037,25.071525783828815,12.328048739550368,11.926112466176669
field_matched,P053,D02,HGS+BO5,5,0,0.23316362421061299,22.18104596197019,26.54261302421588,11.926112466176669
field_matched,P053,D02,HGS+BO10,10,0,0.23316362421061299,22.18104596197019,26.54261302421588,11.926112466176669
field_matched,P053,D03,CS-BO,30,0,0.196632562679523,27.07956353291092,42.996411808677145,12.15823574290932
field_matched,P053,D03,CS-BO,30,1,0.19666774887709795,27.259964236565718,30.452694002304888,12.15823574290932
field_matched,P053,D03,CS-BO,30,2,0.1966173735313695,26.998545366619595,100.0,12.15823574290932
field_matched,P053,D03,WS-BO,30,0,0.1966560241163015,27.166729781023772,34.71233485049548,12.15823574290932
field_matched,P053,D03,WS-BO,30,1,0.19661652063339258,27.01797116509872,100.0,12.15823574290932
field_matched,P053,D03,WS-BO,30,2,0.1966166096499304,27.01589083055481,100.0,12.15823574290932
field_matched,P053,D03,HGS-only,0,0,0.2022095166403313,29.28104305841251,9.189596099604065,12.15823574290932
field_matched,P053,D03,HGS+BO5,5,0,0.2022095166403313,29.28104305841251,9.189596099604065,12.15823574290932
field_matched,P053,D03,HGS+BO10,10,0,0.19945338162295898,26.997544659346612,0.5282583872588439,12.15823574290932
field_matched,P053,D04,CS-BO,30,0,0.25848795397505514,20.845862484585123,100.0,11.65082435973601
field_matched,P053,D04,CS-BO,30,1,0.25843204700028793,21.27096550198078,100.0,11.65082435973601
field_matched,P053,D04,CS-BO,30,2,0.2584052198118273,21.04460478985549,63.53737355927958,11.65082435973601
field_matched,P053,D04,WS-BO,30,0,0.2583948524976627,21.063266189215042,100.0,11.65082435973601
field_matched,P053,D04,WS-BO,30,1,0.25839460129657305,21.060884273649567,100.0,11.65082435973601
field_matched,P053,D04,WS-BO,30,2,0.258461262160902,20.905698499789885,67.43697684887132,11.65082435973601
field_matched,P053,D04,HGS-only,0,0,0.26567414624129126,22.847828925262448,35.284021990710045,11.65082435973601
field_matched,P053,D04,HGS+BO5,5,0,0.2621825452216936,22.18104596197019,26.54261302421588,11.65082435973601
field_matched,P053,D04,HGS+BO10,10,0,0.2621825452216936,22.18104596197019,26.54261302421588,11.65082435973601
field_matched,P053,D05,CS-BO,30,0,0.1844852273554282,28.819778852111867,36.113773217584466,12.197406707196343
field_matched,P053,D05,CS-BO,30,1,0.184527949445664,28.469415980014194,29.346035077727425,12.197406707196343
field_matched,P053,D05,CS-BO,30,2,0.18445245239953822,28.705308621854943,100.0,12.197406707196343
field_matched,P053,D05,WS-BO,30,0,0.1845289891721556,28.792928454492156,15.634910898360747,12.197406707196343
field_matched,P053,D05,WS-BO,30,1,0.18461172625740072,28.329307752732284,26.954583550262335,12.197406707196343
field_matched,P053,D05,WS-BO,30,2,0.18449593254788635,28.48572051583467,100.0,12.197406707196343
field_matched,P053,D05,HGS-only,0,0,0.18841160171687718,30.71976711670756,20.212802513595648,12.197406707196343
field_matched,P053,D05,HGS+BO5,5,0,0.18782108719487983,30.536881545487013,15.330643993982989,12.197406707196343
field_matched,P053,D05,HGS+BO10,10,0,0.18782108719487983,30.536881545487013,15.330643993982989,12.197406707196343
field_matched,P053,D06,CS-BO,30,0,0.18450355207747934,28.70277107314572,34.98848049665863,12.522470287846431
field_matched,P053,D06,CS-BO,30,1,0.1844985668548179,28.719931789729138,27.256290501037,12.522470287846431
field_matched,P053,D06,CS-BO,30,2,0.18447691411586184,28.802989153315455,96.96687148427856,12.522470287846431
field_matched,P053,D06,WS-BO,30,0,0.18453178886486618,28.64778947638724,18.016379302485877,12.522470287846431
field_matched,P053,D06,WS-BO,30,1,0.1845130953666339,28.659857369381204,24.446157342169126,12.522470287846431
field_matched,P053,D06,WS-BO,30,2,0.18457061984342216,29.062294125907066,94.00577149153588,12.522470287846431
field_matched,P053,D06,HGS-only,0,0,0.2009571842776839,33.04745842763549,100.00000000000004,12.522470287846431
field_matched,P053,D06,HGS+BO5,5,0,0.2009571842776839,33.04745842763549,100.00000000000004,12.522470287846431
field_matched,P053,D06,HGS+BO10,10,0,0.18847855268813699,26.997544659346612,0.5282583872588439,12.522470287846431
field_matched,P053,D07,CS-BO,30,0,0.15548459716378235,33.19840684714999,74.92960075905896,13.236438717440965
field_matched,P053,D07,CS-BO,30,1,0.15542580485571542,33.4184092930552,100.0,13.236438717440965
field_matched,P053,D07,CS-BO,30,2,0.1554759707047149,33.32176711037487,22.256835715530812,13.236438717440965
field_matched,P053,D07,WS-BO,30,0,0.15602090060614987,34.399138259533245,3.6945584674343457,13.236438717440965
field_matched,P053,D07,WS-BO,30,1,0.15543372539325429,33.873080798421725,100.0,13.236438717440965
field_matched,P053,D07,WS-BO,30,2,0.15541367349710103,33.70473423043762,100.0,13.236438717440965
field_matched,P053,D07,HGS-only,0,0,0.18899577645346194,41.20371588726929,100.00000000000004,13.236438717440965
field_matched,P053,D07,HGS+BO5,5,0,0.18899577645346194,41.20371588726929,100.00000000000004,13.236438717440965
field_matched,P053,D07,HGS+BO10,10,0,0.15547085267253957,33.942416297057584,56.46779178791166,13.236438717440965
field_matched,P053,D08,CS-BO,30,0,0.21724236695337967,24.75378507749758,42.734963568122666,12.253021435243138
field_matched,P053,D08,CS-BO,30,1,0.21722733765870508,24.856948541648624,100.0,12.253021435243138
field_matched,P053,D08,CS-BO,30,2,0.21729946680756518,24.659828707621582,16.757079647228526,12.253021435243138
field_matched,P053,D08,WS-BO,30,0,0.21722010629127017,24.647042192850392,98.40432782283762,12.253021435243138
field_matched,P053,D08,WS-BO,30,1,0.21721555662000136,24.727084764119777,100.0,12.253021435243138
field_matched,P053,D08,WS-BO,30,2,0.21731502904248665,24.552872175049572,21.87646270661029,12.253021435243138
field_matched,P053,D08,HGS-only,0,0,0.22538560927436463,27.117305483474173,9.380678360127353,12.253021435243138
field_matched,P053,D08,HGS+BO5,5,0,0.2243109435279774,22.18104596197019,26.54261302421588,12.253021435243138
field_matched,P053,D08,HGS+BO10,10,0,0.2243109435279774,22.18104596197019,26.54261302421588,12.253021435243138
field_matched,P053,D09,CS-BO,30,0,0.22527237325747593,24.60191976540203,35.94067417988511,11.784836401443833
field_matched,P053,D09,CS-BO,30,1,0.22469922029925496,24.037558195246646,100.0,11.784836401443833
field_matched,P053,D09,CS-BO,30,2,0.22470510450658907,24.060737927999085,100.0,11.784836401443833
field_matched,P053,D09,WS-BO,30,0,0.2248664297060105,23.62269579270489,40.347208097252945,11.784836401443833
field_matched,P053,D09,WS-BO,30,1,0.22469735440547417,23.932072973926328,100.0,11.784836401443833
field_matched,P053,D09,WS-BO,30,2,0.22474354182595996,23.971946770129204,30.434055674191015,11.784836401443833
field_matched,P053,D09,HGS-only,0,0,0.22806491743591875,25.275473457601798,100.00000000000004,11.784836401443833
field_matched,P053,D09,HGS+BO5,5,0,0.22806491743591875,25.275473457601798,100.00000000000004,11.784836401443833
field_matched,P053,D09,HGS+BO10,10,0,0.22806491743591875,25.275473457601798,100.00000000000004,11.784836401443833
field_matched,P053,D10,CS-BO,30,0,0.18066252507738634,29.28342173411424,99.56325805802945,12.84597417164098
field_matched,P053,D10,CS-BO,30,1,0.18074638520737862,29.529316972763723,23.58105369645493,12.84597417164098
field_matched,P053,D10,CS-BO,30,2,0.1806642935498664,29.30354075719612,100.0,12.84597417164098
field_matched,P053,D10,WS-BO,30,0,0.18079373333159793,28.8726644026249,34.938602241575246,12.84597417164098
field_matched,P053,D10,WS-BO,30,1,0.1808225503230355,29.710814438199307,29.25751261299925,12.84597417164098
field_matched,P053,D10,WS-BO,30,2,0.18074429882950027,29.067998852967715,20.217849762803297,12.84597417164098
field_matched,P053,D10,HGS-only,0,0,0.19252189448433593,33.04745842763549,100.00000000000004,12.84597417164098
field_matched,P053,D10,HGS+BO5,5,0,0.19252189448433593,33.04745842763549,100.00000000000004,12.84597417164098
field_matched,P053,D10,HGS+BO10,10,0,0.18585899371314366,26.997544659346612,0.5282583872588439,12.84597417164098
field_matched,P158,D01,CS-BO,30,0,0.06364274669236174,57.73940805310904,31.3538788822439,12.910496369015503
field_matched,P158,D01,CS-BO,30,1,0.06362913907067928,57.723120430477614,100.0,12.910496369015503
field_matched,P158,D01,CS-BO,30,2,0.06359068113278281,55.22208227894414,4.147539397876624,12.910496369015503
field_matched,P158,D01,WS-BO,30,0,0.06400031740905064,58.56788745263924,14.823973577301254,12.910496369015503
field_matched,P158,D01,WS-BO,30,1,0.06355619407821413,57.42502853879247,14.17338228526789,12.910496369015503
field_matched,P158,D01,WS-BO,30,2,0.06360955286700648,57.66256766822082,100.0,12.910496369015503
field_matched,P158,D01,HGS-only,0,0,0.06604884337501839,60.97215410527402,13.244614484454205,12.910496369015503
field_matched,P158,D01,HGS+BO5,5,0,0.06430385969833088,59.07854676127739,14.949193699538874,12.910496369015503
field_matched,P158,D01,HGS+BO10,10,0,0.06430385969833088,59.07854676127739,14.949193699538874,12.910496369015503
field_matched,P158,D02,CS-BO,30,0,0.06967121783227725,50.4420124279845,8.739425062182466,11.922684530506247
field_matched,P158,D02,CS-BO,30,1,0.06945773001006446,52.333803218996735,100.0,11.922684530506247
field_matched,P158,D02,CS-BO,30,2,0.06947200270026205,52.34012432135764,23.296225125649997,11.922684530506247
field_matched,P158,D02,WS-BO,30,0,0.06962812608322871,53.001278686958095,47.663175034959195,11.922684530506247
field_matched,P158,D02,WS-BO,30,1,0.06943335703543081,51.43592720058602,100.0,11.922684530506247
field_matched,P158,D02,WS-BO,30,2,0.06945382301767793,52.24384576416785,27.14266358382985,11.922684530506247
field_matched,P158,D02,HGS-only,0,0,0.07080408061868568,54.86970802038051,57.53565309945821,11.922684530506247
field_matched,P158,D02,HGS+BO5,5,0,0.07080408061868568,54.86970802038051,57.53565309945821,11.922684530506247
field_matched,P158,D02,HGS+BO10,10,0,0.07080408061868568,54.86970802038051,57.53565309945821,11.922684530506247
field_matched,P158,D03,CS-BO,30,0,0.05882079998311191,59.8677416387292,100.0,22.10873112025487
field_matched,P158,D03,CS-BO,30,1,0.05879276496525171,60.27942243732847,100.0,22.10873112025487
field_matched,P158,D03,CS-BO,30,2,0.05881610079378782,60.898025198200294,100.0,22.10873112025487
field_matched,P158,D03,WS-BO,30,0,0.05890176955367434,61.48291601861867,36.45046315847145,22.10873112025487
field_matched,P158,D03,WS-BO,30,1,0.058834925621634525,61.09096173498179,100.0,22.10873112025487
field_matched,P158,D03,WS-BO,30,2,0.05888453658790351,61.357374095680235,21.996883814780283,22.10873112025487
field_matched,P158,D03,HGS-only,0,0,0.06099323517997182,65.08020039570542,33.95375755967811,22.10873112025487
field_matched,P158,D03,HGS+BO5,5,0,0.06050693975922935,64.51792652160373,9.728739654836453,22.10873112025487
field_matched,P158,D03,HGS+BO10,10,0,0.06050693975922935,64.51792652160373,9.728739654836453,22.10873112025487
field_matched,P158,D04,CS-BO,30,0,0.07775181002729963,46.70335260021729,22.186120643764696,11.601934805150114
field_matched,P158,D04,CS-BO,30,1,0.07773045825163721,46.76415055126589,97.46969645251532,11.601934805150114
field_matched,P158,D04,CS-BO,30,2,0.07773388572206967,46.805266129432596,100.0,11.601934805150114
field_matched,P158,D04,WS-BO,30,0,0.0777402400950911,46.368598681590655,100.0,11.601934805150114
field_matched,P158,D04,WS-BO,30,1,0.07778131533725027,46.330553188184226,9.631536402668905,11.601934805150114
field_matched,P158,D04,WS-BO,30,2,0.07777706265277137,46.12506512201078,100.0,11.601934805150114
field_matched,P158,D04,HGS-only,0,0,0.07845355511721727,48.58014591299477,89.40607550270911,11.601934805150114
field_matched,P158,D04,HGS+BO5,5,0,0.07845355511721727,48.58014591299477,89.40607550270911,11.601934805150114
field_matched,P158,D04,HGS+BO10,10,0,0.07845355511721727,48.58014591299477,89.40607550270911,11.601934805150114
field_matched,P158,D05,CS-BO,30,0,0.05546789635861241,61.88037315303406,100.0,34.99924914369791
field_matched,P158,D05,CS-BO,30,1,0.05522471920839868,65.4283194961963,100.0,34.99924914369791
field_matched,P158,D05,CS-BO,30,2,0.05511909701673236,63.88433221610338,18.491763534223903,34.99924914369791
field_matched,P158,D05,WS-BO,30,0,0.05522536815106777,65.40977870170188,45.26965617953055,34.99924914369791
field_matched,P158,D05,WS-BO,30,1,0.055102216073024665,64.06037756767829,100.0,34.99924914369791
field_matched,P158,D05,WS-BO,30,2,0.05516178474654167,64.93659344923188,19.7165321774736,34.99924914369791
field_matched,P158,D05,HGS-only,0,0,0.0565870164098559,68.29272425478398,14.001011824313046,34.99924914369791
field_matched,P158,D05,HGS+BO5,5,0,0.056474333863524115,68.0047333259221,2.9063159983288953,34.99924914369791
field_matched,P158,D05,HGS+BO10,10,0,0.056474333863524115,68.0047333259221,2.9063159983288953,34.99924914369791
field_matched,P158,D06,CS-BO,30,0,0.05787702790418053,63.818794830182654,0.14344442826698453,14.287057552689822
field_matched,P158,D06,CS-BO,30,1,0.055867233666497144,65.42824628910493,100.0,14.287057552689822
field_matched,P158,D06,CS-BO,30,2,0.055648733861523685,63.016221659733496,100.0,14.287057552689822
field_matched,P158,D06,WS-BO,30,0,0.055763346534550576,65.00688243857594,44.804897294897174,14.287057552689822
field_matched,P158,D06,WS-BO,30,1,0.05567786954531319,62.75885623709001,71.26916473597466,14.287057552689822
field_matched,P158,D06,WS-BO,30,2,0.055627336825929484,63.79222562109365,14.130085625956779,14.287057552689822
field_matched,P158,D06,HGS-only,0,0,0.058616984426173725,69.42563777496768,76.60306381591394,14.287057552689822
field_matched,P158,D06,HGS+BO5,5,0,0.058076035204819805,68.88968808027985,10.647356078209238,14.287057552689822
field_matched,P158,D06,HGS+BO10,10,0,0.058076035204819805,68.88968808027985,10.647356078209238,14.287057552689822
field_matched,P158,D07,CS-BO,30,0,0.04740556859107314,72.23010896367765,2.637469161203588,15.873243703188662
field_matched,P158,D07,CS-BO,30,1,0.047383918893822125,76.17786794626537,11.52390809812319,15.873243703188662
field_matched,P158,D07,CS-BO,30,2,0.04719074355903728,73.37850626300673,100.0,15.873243703188662
field_matched,P158,D07,WS-BO,30,0,0.04859199238659944,68.44660616917228,3.092922738875375,15.873243703188662
field_matched,P158,D07,WS-BO,30,1,0.0471774598309904,74.91427723749825,100.0,15.873243703188662
field_matched,P158,D07,WS-BO,30,2,0.047567334549198946,71.27960037067537,100.0,15.873243703188662
field_matched,P158,D07,HGS-only,0,0,0.05258171086413909,83.34478470110912,23.29641398842301,15.873243703188662
field_matched,P158,D07,HGS+BO5,5,0,0.051475332388046996,82.38256284651618,5.7748067123980915,15.873243703188662
field_matched,P158,D07,HGS+BO10,10,0,0.051475332388046996,82.38256284651618,5.7748067123980915,15.873243703188662
field_matched,P158,D08,CS-BO,30,0,0.065506793468309,54.566745639206474,100.0,12.352257416670708
field_matched,P158,D08,CS-BO,30,1,0.06558599712298431,55.50780795272702,100.0,12.352257416670708
field_matched,P158,D08,CS-BO,30,2,0.06554556182419166,54.30176727666369,21.682894608180206,12.352257416670708
field_matched,P158,D08,WS-BO,30,0,0.06616501909059845,52.21012632389179,27.29888568262183,12.352257416670708
field_matched,P158,D08,WS-BO,30,1,0.06552358070706728,55.026650804936615,100.0,12.352257416670708
field_matched,P158,D08,WS-BO,30,2,0.06593943498645023,56.57157390800696,100.0,12.352257416670708
field_matched,P158,D08,HGS-only,0,0,0.06741524183672105,58.53200128868857,25.085803205278236,12.352257416670708
field_matched,P158,D08,HGS+BO5,5,0,0.06717289051393928,58.29157221817432,34.95223044618922,12.352257416670708
field_matched,P158,D08,HGS+BO10,10,0,0.06717289051393928,58.29157221817432,34.95223044618922,12.352257416670708
field_matched,P158,D09,CS-BO,30,0,0.06691078434185145,53.39906591842509,18.52569350220994,12.487284933712237
field_matched,P158,D09,CS-BO,30,1,0.06690316503151274,53.725293158747746,100.0,12.487284933712237
field_matched,P158,D09,CS-BO,30,2,0.0668963457146904,53.60523490117794,100.0,12.487284933712237
field_matched,P158,D09,WS-BO,30,0,0.06732476577014458,54.984390390759884,2.4052682538321317,12.487284933712237
field_matched,P158,D09,WS-BO,30,1,0.06690197008878496,53.291355249411396,100.0,12.487284933712237
field_matched,P158,D09,WS-BO,30,2,0.06768790731002115,50.892665732383016,18.80268170409117,12.487284933712237
field_matched,P158,D09,HGS-only,0,0,0.06808330389553181,56.45951208276444,7.073488086150674,12.487284933712237
field_matched,P158,D09,HGS+BO5,5,0,0.06808330389553181,56.45951208276444,7.073488086150674,12.487284933712237
field_matched,P158,D09,HGS+BO10,10,0,0.06808330389553181,56.45951208276444,7.073488086150674,12.487284933712237
field_matched,P158,D10,CS-BO,30,0,0.05454790919026075,64.93700435479711,1.7759711400904041,15.555830531422027
field_matched,P158,D10,CS-BO,30,1,0.05442387908957969,65.330695664639,100.0,15.555830531422027
field_matched,P158,D10,CS-BO,30,2,0.05473316406237123,63.521501020187564,1.2025231618606342,15.555830531422027
field_matched,P158,D10,WS-BO,30,0,0.054416493544599286,65.18759290534308,43.83432548416547,15.555830531422027
field_matched,P158,D10,WS-BO,30,1,0.05447077473204336,65.8693054253953,100.0,15.555830531422027
field_matched,P158,D10,WS-BO,30,2,0.05452594218986374,66.19726120254363,100.0,15.555830531422027
field_matched,P158,D10,HGS-only,0,0,0.056872046317749385,70.34961386524371,18.848369016931144,15.555830531422027
field_matched,P158,D10,HGS+BO5,5,0,0.056872046317749385,70.34961386524371,18.848369016931144,15.555830531422027
field_matched,P158,D10,HGS+BO10,10,0,0.056872046317749385,70.34961386524371,18.848369016931144,15.555830531422027
field_matched,P186,D01,CS-BO,30,0,0.2024159360795814,45.80876985961614,8.171656638024853,38.96663951498785
field_matched,P186,D01,CS-BO,30,1,0.20234750817260566,45.779297511762195,100.0,38.96663951498785
field_matched,P186,D01,CS-BO,30,2,0.20234716835835204,45.92864719854386,99.19924659638737,38.96663951498785
field_matched,P186,D01,WS-BO,30,0,0.20235889412461208,45.721095753116096,35.27266279131079,38.96663951498785
field_matched,P186,D01,WS-BO,30,1,0.20235625283220607,45.966875038912434,100.0,38.96663951498785
field_matched,P186,D01,WS-BO,30,2,0.20234726943797174,45.842963522096994,100.0,38.96663951498785
field_matched,P186,D01,HGS-only,0,0,0.20533245735145253,48.58014591299477,89.40607550270911,38.96663951498785
field_matched,P186,D01,HGS+BO5,5,0,0.20501717205197506,48.37095830939361,10.370539328039543,38.96663951498785
field_matched,P186,D01,HGS+BO10,10,0,0.20501717205197506,48.37095830939361,10.370539328039543,38.96663951498785
field_matched,P186,D02,CS-BO,30,0,0.22184468562808127,40.7985769565959,100.0,17.997480088982993
field_matched,P186,D02,CS-BO,30,1,0.22110249377873994,42.20819332381894,100.0,17.997480088982993
field_matched,P186,D02,CS-BO,30,2,0.22115003563515248,42.44646091059014,100.0,17.997480088982993
field_matched,P186,D02,WS-BO,30,0,0.2218899896426046,40.75210441714117,100.0,17.997480088982993
field_matched,P186,D02,WS-BO,30,1,0.22110606387863815,42.147990323125896,100.0,17.997480088982993
field_matched,P186,D02,WS-BO,30,2,0.22128609772733776,42.806713973649515,62.46688586431928,17.997480088982993
field_matched,P186,D02,HGS-only,0,0,0.22734059792165293,45.87668746162803,67.47421706315592,17.997480088982993
field_matched,P186,D02,HGS+BO5,5,0,0.22734059792165293,45.87668746162803,67.47421706315592,17.997480088982993
field_matched,P186,D02,HGS+BO10,10,0,0.22734059792165293,45.87668746162803,67.47421706315592,17.997480088982993
field_matched,P186,D03,CS-BO,30,0,0.18790998056400368,49.103641562494346,100.0,38.9283778464616
field_matched,P186,D03,CS-BO,30,1,0.18790021739212515,48.81206701417052,100.0,38.9283778464616
field_matched,P186,D03,CS-BO,30,2,0.18792001164653205,49.18187129452642,100.0,38.9283778464616
field_matched,P186,D03,WS-BO,30,0,0.18800330367393553,48.35683062326358,32.77238708243621,38.9283778464616
field_matched,P186,D03,WS-BO,30,1,0.18792264874768674,48.66478864645065,100.0,38.9283778464616
field_matched,P186,D03,WS-BO,30,2,0.18798414398116362,49.53509718975879,100.0,38.9283778464616
field_matched,P186,D03,HGS-only,0,0,0.18954562187748392,51.37297340539474,100.00000000000004,38.9283778464616
field_matched,P186,D03,HGS+BO5,5,0,0.18954562187748392,51.37297340539474,100.00000000000004,38.9283778464616
field_matched,P186,D03,HGS+BO10,10,0,0.18954562187748392,51.37297340539474,100.00000000000004,38.9283778464616
field_matched,P186,D04,CS-BO,30,0,0.2470479097653335,38.50948890139967,38.23841526787039,17.12723669605028
field_matched,P186,D04,CS-BO,30,1,0.2469639852392269,38.230119106885134,100.0,17.12723669605028
field_matched,P186,D04,CS-BO,30,2,0.24701095133535927,38.03069723336075,12.053414511083666,17.12723669605028
field_matched,P186,D04,WS-BO,30,0,0.24696126611229205,37.91182077577195,100.0,17.12723669605028
field_matched,P186,D04,WS-BO,30,1,0.24700169588198517,38.372026292485685,100.0,17.12723669605028
field_matched,P186,D04,WS-BO,30,2,0.24698041144277558,38.14854407171151,18.32972849093313,17.12723669605028
field_matched,P186,D04,HGS-only,0,0,0.2527408792518072,41.20371588726929,100.00000000000004,17.12723669605028
field_matched,P186,D04,HGS+BO5,5,0,0.2527408792518072,41.20371588726929,100.00000000000004,17.12723669605028
field_matched,P186,D04,HGS+BO10,10,0,0.2527408792518072,41.20371588726929,100.00000000000004,17.12723669605028
field_matched,P186,D05,CS-BO,30,0,0.17647907606113009,51.21850121249816,8.260415881423349,39.56716700512571
field_matched,P186,D05,CS-BO,30,1,0.17634452072367998,51.55594592358034,100.0,39.56716700512571
field_matched,P186,D05,CS-BO,30,2,0.1763475776455242,51.82694794559449,13.887689138906172,39.56716700512571
field_matched,P186,D05,WS-BO,30,0,0.17633656767664874,52.19280831059078,100.0,39.56716700512571
field_matched,P186,D05,WS-BO,30,1,0.1763223318135304,51.75942672700729,91.6619057155015,39.56716700512571
field_matched,P186,D05,WS-BO,30,2,0.17632735251553266,52.05805864311063,20.23451904211624,39.56716700512571
field_matched,P186,D05,HGS-only,0,0,0.17847472834091366,54.86970802038051,57.53565309945821,39.56716700512571
field_matched,P186,D05,HGS+BO5,5,0,0.1772835321060234,53.764800594682036,4.27622419837992,39.56716700512571
field_matched,P186,D05,HGS+BO10,10,0,0.1772835321060234,53.764800594682036,4.27622419837992,39.56716700512571
field_matched,P186,D06,CS-BO,30,0,0.17775619628338366,51.618370465058454,6.599119829030363,18.910760083117406
field_matched,P186,D06,CS-BO,30,1,0.17769825032984526,51.28959626593931,100.0,18.910760083117406
field_matched,P186,D06,CS-BO,30,2,0.17768877885832463,51.6454993281553,97.29385912953053,18.910760083117406
field_matched,P186,D06,WS-BO,30,0,0.17768305501259618,51.7097060262721,100.0,18.910760083117406
field_matched,P186,D06,WS-BO,30,1,0.17768812336502798,51.63710015397161,100.0,18.910760083117406
field_matched,P186,D06,WS-BO,30,2,0.17769211832704868,51.66837977845797,70.5740026812893,18.910760083117406
field_matched,P186,D06,HGS-only,0,0,0.1840672597795445,56.45951208276444,7.073488086150674,18.910760083117406
field_matched,P186,D06,HGS+BO5,5,0,0.1840672597795445,56.45951208276444,7.073488086150674,18.910760083117406
field_matched,P186,D06,HGS+BO10,10,0,0.1840672597795445,56.45951208276444,7.073488086150674,18.910760083117406
field_matched,P186,D07,CS-BO,30,0,0.15090260219325513,59.83428102391396,33.87382973824054,19.227325295719382
field_matched,P186,D07,CS-BO,30,1,0.15087595021297093,60.163914129354424,93.93313182376208,19.227325295719382
field_matched,P186,D07,CS-BO,30,2,0.15087260777808914,60.141329706475624,90.53174092165229,19.227325295719382
field_matched,P186,D07,WS-BO,30,0,0.15111691327514723,59.147672164147124,2.8409111958527107,19.227325295719382
field_matched,P186,D07,WS-BO,30,1,0.150931260141009,60.502376191015884,91.42332939334246,19.227325295719382
field_matched,P186,D07,WS-BO,30,2,0.15089158548453965,59.95769337216908,21.866099515243114,19.227325295719382
field_matched,P186,D07,HGS-only,0,0,0.16344642349482003,68.29272425478398,14.001011824313046,19.227325295719382
field_matched,P186,D07,HGS+BO5,5,0,0.16270706773993873,68.0047333259221,2.9063159983288953,19.227325295719382
field_matched,P186,D07,HGS+BO10,10,0,0.16270706773993873,68.0047333259221,2.9063159983288953,19.227325295719382
field_matched,P186,D08,CS-BO,30,0,0.20875949576613945,44.12433687599137,8.423640250445535,18.782108408249123
field_matched,P186,D08,CS-BO,30,1,0.20865642612929192,44.524506399578236,76.81639813752017,18.782108408249123
field_matched,P186,D08,CS-BO,30,2,0.2086547980336726,44.50672415419701,99.99891617477441,18.782108408249123
field_matched,P186,D08,WS-BO,30,0,0.20873064096240643,44.01252490759892,78.74183842240026,18.782108408249123
field_matched,P186,D08,WS-BO,30,1,0.20884706959282087,43.73973713889825,92.7687706466337,18.782108408249123
field_matched,P186,D08,WS-BO,30,2,0.20864246148613894,44.59148614277374,97.37748165154224,18.782108408249123
field_matched,P186,D08,HGS-only,0,0,0.21512355832499802,48.58014591299477,89.40607550270911,18.782108408249123
field_matched,P186,D08,HGS+BO5,5,0,0.21454930442144812,48.37095830939361,10.370539328039543,18.782108408249123
field_matched,P186,D08,HGS+BO10,10,0,0.21454930442144812,48.37095830939361,10.370539328039543,18.782108408249123
field_matched,P186,D09,CS-BO,30,0,0.21376701026379188,42.726090350955545,32.359963655106554,20.923885559403484
field_matched,P186,D09,CS-BO,30,1,0.2135454754598498,43.675085228314224,100.0,20.923885559403484
field_matched,P186,D09,CS-BO,30,2,0.21353619470719443,43.5294365578793,100.0,20.923885559403484
field_matched,P186,D09,WS-BO,30,0,0.21366270047899577,43.35890496605639,5.102005359390097,20.923885559403484
field_matched,P186,D09,WS-BO,30,1,0.21355381467090298,43.28656443120279,97.25507004206534,20.923885559403484
field_matched,P186,D09,WS-BO,30,2,0.21361330014696955,43.10244781511365,18.506011640854755,20.923885559403484
field_matched,P186,D09,HGS-only,0,0,0.21904832177215247,47.13533990543618,22.139731949310214,20.923885559403484
field_matched,P186,D09,HGS+BO5,5,0,0.21743485014175434,46.52610223755646,27.63194625961464,20.923885559403484
field_matched,P186,D09,HGS+BO10,10,0,0.21743485014175434,46.52610223755646,27.63194625961464,20.923885559403484
field_matched,P186,D10,CS-BO,30,0,0.17466279782520483,51.075291266514455,1.6495364306133502,39.42351765884121
field_matched,P186,D10,CS-BO,30,1,0.1738979721740195,52.461097114239514,100.0,39.42351765884121
field_matched,P186,D10,CS-BO,30,2,0.17406114403704406,53.30700219033054,8.10784892051254,39.42351765884121
field_matched,P186,D10,WS-BO,30,0,0.17396097811061903,53.1586727218219,100.0,39.42351765884121
field_matched,P186,D10,WS-BO,30,1,0.17389924376974802,52.71772303624505,100.0,39.42351765884121
field_matched,P186,D10,WS-BO,30,2,0.17415520748153487,51.54125771926882,100.0,39.42351765884121
field_matched,P186,D10,HGS-only,0,0,0.1776612213629192,56.45951208276444,7.073488086150674,39.42351765884121
field_matched,P186,D10,HGS+BO5,5,0,0.17646069004906376,55.87921543304807,12.473184866935275,39.42351765884121
field_matched,P186,D10,HGS+BO10,10,0,0.17646069004906376,55.87921543304807,12.473184866935275,39.42351765884121
field_matched,P189,D01,CS-BO,30,0,1.3101026549220136,9.687006055819635,100.0,290.1554295057998
field_matched,P189,D01,CS-BO,30,1,1.3099890338420903,9.755142656286962,100.0,290.1554295057998
field_matched,P189,D01,CS-BO,30,2,1.3100080801743899,9.706249488792649,100.0,290.1554295057998
field_matched,P189,D01,WS-BO,30,0,1.3100273008401635,9.723415481432435,100.0,290.1554295057998
field_matched,P189,D01,WS-BO,30,1,1.3102806151353612,9.72766234645143,56.702930424851154,290.1554295057998
field_matched,P189,D01,WS-BO,30,2,1.3099971777315835,9.75775304396198,100.0,290.1554295057998
field_matched,P189,D01,HGS-only,0,0,1.5053642508551834,6.793559368398748,100.00000000000004,290.1554295057998
field_matched,P189,D01,HGS+BO5,5,0,1.5053642508551834,6.793559368398748,100.00000000000004,290.1554295057998
field_matched,P189,D01,HGS+BO10,10,0,1.4564765066627479,7.219037606267534,20.834761467926825,290.1554295057998
field_matched,P189,D02,CS-BO,30,0,1.4387343684624019,9.115340937938674,100.0,278.22498318922663
field_matched,P189,D02,CS-BO,30,1,1.4387023532261594,9.107506315975114,100.0,278.22498318922663
field_matched,P189,D02,CS-BO,30,2,1.4387203845460033,9.070084355934636,100.0,278.22498318922663
field_matched,P189,D02,WS-BO,30,0,1.4388063059321334,9.047792529231149,100.0,278.22498318922663
field_matched,P189,D02,WS-BO,30,1,1.439043393308321,9.04557207959497,60.69881461506126,278.22498318922663
field_matched,P189,D02,WS-BO,30,2,1.438800475740823,9.04066974193673,100.0,278.22498318922663
field_matched,P189,D02,HGS-only,0,0,1.6290504315095933,6.419715738606821,79.33574411582464,278.22498318922663
field_matched,P189,D02,HGS+BO5,5,0,1.6148545045163294,6.601497823942639,79.33574411582464,278.22498318922663
field_matched,P189,D02,HGS+BO10,10,0,1.6148545045163294,6.601497823942639,79.33574411582464,278.22498318922663
field_matched,P189,D03,CS-BO,30,0,1.2114709983665115,10.283170650781798,98.32167127807728,297.4915777206228
field_matched,P189,D03,CS-BO,30,1,1.2114021391809775,10.3185052850317,100.0,297.4915777206228
field_matched,P189,D03,CS-BO,30,2,1.2114849251892672,10.244950453429073,100.0,297.4915777206228
field_matched,P189,D03,WS-BO,30,0,1.2116818226223336,10.254539761049193,58.13612757750492,297.4915777206228
field_matched,P189,D03,WS-BO,30,1,1.211652690079761,10.246834399482557,62.167430390979405,297.4915777206228
field_matched,P189,D03,WS-BO,30,2,1.2113795952176383,10.292966934180004,100.0,297.4915777206228
field_matched,P189,D03,HGS-only,0,0,1.4210248304275692,7.055858001600418,100.00000000000004,297.4915777206228
field_matched,P189,D03,HGS+BO5,5,0,1.4210248304275692,7.055858001600418,100.00000000000004,297.4915777206228
field_matched,P189,D03,HGS+BO10,10,0,1.2180589523869172,10.857391892115748,13.233915129550027,297.4915777206228
field_matched,P189,D04,CS-BO,30,0,1.6170905741599761,8.320939144231234,100.0,253.71040914635486
field_matched,P189,D04,CS-BO,30,1,1.6170524991688477,8.35604907079244,100.0,253.71040914635486
field_matched,P189,D04,CS-BO,30,2,1.6170481737111424,8.35478557924833,100.0,253.71040914635486
field_matched,P189,D04,WS-BO,30,0,1.6170380959740056,8.351869104287996,100.0,253.71040914635486
field_matched,P189,D04,WS-BO,30,1,1.6171071162607213,8.415036492118753,100.0,253.71040914635486
field_matched,P189,D04,WS-BO,30,2,1.6171037160584651,8.414524001548104,100.0,253.71040914635486
field_matched,P189,D04,HGS-only,0,0,1.783994533838605,6.205415135739939,100.00000000000004,253.71040914635486
field_matched,P189,D04,HGS+BO5,5,0,1.783994533838605,6.205415135739939,100.00000000000004,253.71040914635486
field_matched,P189,D04,HGS+BO10,10,0,1.723810145575595,6.610733281077452,27.56971293454379,253.71040914635486
field_matched,P189,D05,CS-BO,30,0,1.1326199169363036,10.866887888454322,100.0,302.0690639358741
field_matched,P189,D05,CS-BO,30,1,1.1326834529436334,10.83320919885876,100.0,302.0690639358741
field_matched,P189,D05,CS-BO,30,2,1.1326833161635605,10.81356123889386,100.0,302.0690639358741
field_matched,P189,D05,WS-BO,30,0,1.1329404532232537,10.926455957232122,58.66588756641318,302.0690639358741
field_matched,P189,D05,WS-BO,30,1,1.1329003147905332,10.87043281804227,57.90754049139209,302.0690639358741
field_matched,P189,D05,WS-BO,30,2,1.1326780379583015,10.826341836879566,100.0,302.0690639358741
field_matched,P189,D05,HGS-only,0,0,1.3195025851363353,7.533027639434554,98.21830416062512,302.0690639358741
field_matched,P189,D05,HGS+BO5,5,0,1.3195025851363353,7.533027639434554,98.21830416062512,302.0690639358741
field_matched,P189,D05,HGS+BO10,10,0,1.3195025851363353,7.533027639434554,98.21830416062512,302.0690639358741
field_matched,P189,D06,CS-BO,30,0,1.1472799401548475,10.702372538393012,100.0,279.54235805819405
field_matched,P189,D06,CS-BO,30,1,1.1473298134467975,10.643258910592712,100.0,279.54235805819405
field_matched,P189,D06,CS-BO,30,2,1.147522294902034,10.570279713513726,100.0,279.54235805819405
field_matched,P189,D06,WS-BO,30,0,1.1478409513024193,10.893258078294611,100.0,279.54235805819405
field_matched,P189,D06,WS-BO,30,1,1.1474864292355609,10.636965699163461,62.4594306979747,279.54235805819405
field_matched,P189,D06,WS-BO,30,2,1.1474412500798947,10.614442248515212,100.0,279.54235805819405
field_matched,P189,D06,HGS-only,0,0,1.388836861694588,7.055858001600418,100.00000000000004,279.54235805819405
field_matched,P189,D06,HGS+BO5,5,0,1.388836861694588,7.055858001600418,100.00000000000004,279.54235805819405
field_matched,P189,D06,HGS+BO10,10,0,1.1478674484593854,10.895316368050349,96.4036491581547,279.54235805819405
field_matched,P189,D07,CS-BO,30,0,0.9710815607070673,12.091729689906769,86.50716762861869,278.42130879350754
field_matched,P189,D07,CS-BO,30,1,0.9710497143604296,12.09209783237391,100.0,278.42130879350754
field_matched,P189,D07,CS-BO,30,2,0.9711691986603795,11.999543055784766,100.0,278.42130879350754
field_matched,P189,D07,WS-BO,30,0,0.9714948891668221,12.262778454705767,51.06341555693996,278.42130879350754
field_matched,P189,D07,WS-BO,30,1,0.9710493672519175,12.090457805010278,100.0,278.42130879350754
field_matched,P189,D07,WS-BO,30,2,0.9710610048046814,12.031349485616415,100.0,278.42130879350754
field_matched,P189,D07,HGS-only,0,0,1.206117834993273,7.844860753661457,95.96049248847946,278.42130879350754
field_matched,P189,D07,HGS+BO5,5,0,1.1941670509135993,7.939203896171288,31.986830829493154,278.42130879350754
field_matched,P189,D07,HGS+BO10,10,0,0.9994749223517677,13.789849839676085,100.0,278.42130879350754
field_matched,P189,D08,CS-BO,30,0,1.3649006439303686,9.448162751572536,100.0,284.7023804901336
field_matched,P189,D08,CS-BO,30,1,1.3649574513177396,9.416716253376713,100.0,284.7023804901336
field_matched,P189,D08,CS-BO,30,2,1.3648972362358849,9.446069530899484,100.0,284.7023804901336
field_matched,P189,D08,WS-BO,30,0,1.3649546278074687,9.520702555547725,100.0,284.7023804901336
field_matched,P189,D08,WS-BO,30,1,1.3651810893289227,9.404744986415402,60.112085584028286,284.7023804901336
field_matched,P189,D08,WS-BO,30,2,1.3649502396706366,9.390579429867913,100.0,284.7023804901336
field_matched,P189,D08,HGS-only,0,0,1.572254589603933,6.547807918343655,79.33574411582464,284.7023804901336
field_matched,P189,D08,HGS+BO5,5,0,1.5628654721183861,6.601497823942639,79.33574411582464,284.7023804901336
field_matched,P189,D08,HGS+BO10,10,0,1.5628654721183861,6.601497823942639,79.33574411582464,284.7023804901336
field_matched,P189,D09,CS-BO,30,0,1.3746067664883819,9.37641754956518,100.0,287.71459695156534
field_matched,P189,D09,CS-BO,30,1,1.3745368915150724,9.431788874160514,100.0,287.71459695156534
field_matched,P189,D09,CS-BO,30,2,1.374533372329886,9.395177658850049,100.0,287.71459695156534
field_matched,P189,D09,WS-BO,30,0,1.3745218213116377,9.426643788860028,100.0,287.71459695156534
field_matched,P189,D09,WS-BO,30,1,1.3748124929976173,9.349966484689405,60.36417469187068,287.71459695156534
field_matched,P189,D09,WS-BO,30,2,1.3745850626094813,9.344413532726922,100.0,287.71459695156534
field_matched,P189,D09,HGS-only,0,0,1.5622711784446164,6.626897327675165,79.33574411582464,287.71459695156534
field_matched,P189,D09,HGS+BO5,5,0,1.5622711784446164,6.626897327675165,79.33574411582464,287.71459695156534
field_matched,P189,D09,HGS+BO10,10,0,1.44828180379458,11.384382767722277,39.69571135793085,287.71459695156534
field_matched,P189,D10,CS-BO,30,0,1.1254925609618303,10.947124384640345,100.0,275.7002068624053
field_matched,P189,D10,CS-BO,30,1,1.1254587611510731,10.869677192400397,100.0,275.7002068624053
field_matched,P189,D10,CS-BO,30,2,1.125682867152589,10.79413702791504,100.0,275.7002068624053
field_matched,P189,D10,WS-BO,30,0,1.125688007106807,10.790844721214416,100.0,275.7002068624053
field_matched,P189,D10,WS-BO,30,1,1.1256512938338843,10.886544328231771,59.10287251318169,275.7002068624053
field_matched,P189,D10,WS-BO,30,2,1.1254620792523573,10.873113772399332,100.0,275.7002068624053
field_matched,P189,D10,HGS-only,0,0,1.3145044505486854,7.533027639434554,98.21830416062512,275.7002068624053
field_matched,P189,D10,HGS+BO5,5,0,1.3145044505486854,7.533027639434554,98.21830416062512,275.7002068624053
field_matched,P189,D10,HGS+BO10,10,0,1.3145044505486854,7.533027639434554,98.21830416062512,275.7002068624053
logging_only,P001,D01,CS-BO,30,0,0.007670955799507953,10.801781918626784,31.01986816150672,22.119506548944116
logging_only,P001,D01,CS-BO,30,1,0.007664720504180058,10.531422157980238,44.031111094438764,22.119506548944116
logging_only,P001,D01,CS-BO,30,2,0.007629073523566518,10.59711135551042,100.0,22.119506548944116
logging_only,P001,D01,WS-BO,30,0,0.008029072860556883,10.762249082496156,4.610289633766071,22.119506548944116
logging_only,P001,D01,WS-BO,30,1,0.007583545899197606,10.698663633437796,100.0,22.119506548944116
logging_only,P001,D01,WS-BO,30,2,0.007732807725399181,10.963030130918193,100.0,22.119506548944116
logging_only,P001,D01,HGS-only,0,0,0.2994242762214544,20.1235909797209,64.96082537779876,22.119506548944116
logging_only,P001,D01,HGS+BO5,5,0,0.28969291221470705,19.933765821801643,9.358259815983148,22.119506548944116
logging_only,P001,D01,HGS+BO10,10,0,0.12903280992693641,2.8605558409218617,1.1692272723095003,22.119506548944116
logging_only,P001,D02,CS-BO,30,0,0.008700682653687073,9.950294664804714,95.31044646705506,21.41757473435039
logging_only,P001,D02,CS-BO,30,1,0.00868744242020469,9.926428735326768,38.52751097312745,21.41757473435039
logging_only,P001,D02,CS-BO,30,2,0.008784642592438233,9.704719163693959,100.0,21.41757473435039
logging_only,P001,D02,WS-BO,30,0,0.008770353190020093,9.717780319023555,42.88729867184764,21.41757473435039
logging_only,P001,D02,WS-BO,30,1,0.008656416856852287,9.929106464971667,100.0,21.41757473435039
logging_only,P001,D02,WS-BO,30,2,0.008698523456204707,9.876713899055648,39.872327971830316,21.41757473435039
logging_only,P001,D02,HGS-only,0,0,0.3414260118586051,19.19474540801611,39.402728297025206,21.41757473435039
logging_only,P001,D02,HGS+BO5,5,0,0.3252641900156999,18.96842378877947,52.33272592822693,21.41757473435039
logging_only,P001,D02,HGS+BO10,10,0,0.12771348228351145,2.8605558409218617,1.1692272723095003,21.41757473435039
logging_only,P001,D03,CS-BO,30,0,0.007048833408117591,10.903085656597877,100.0,22.551054001068824
logging_only,P001,D03,CS-BO,30,1,0.006775143674701341,11.30688238024407,100.0,22.551054001068824
logging_only,P001,D03,CS-BO,30,2,0.0068442558791337775,11.100862141517663,100.0,22.551054001068824
logging_only,P001,D03,WS-BO,30,0,0.007152219292867981,10.80953282047272,100.0,22.551054001068824
logging_only,P001,D03,WS-BO,30,1,0.006854210889069747,11.592209544836289,100.0,22.551054001068824
logging_only,P001,D03,WS-BO,30,2,0.006810041204499943,11.517991517454076,99.9160929484903,22.551054001068824
logging_only,P001,D03,HGS-only,0,0,0.24020023098195348,20.458266244414386,58.898330698525825,22.551054001068824
logging_only,P001,D03,HGS+BO5,5,0,0.2226594546508997,20.1235909797209,64.96082537779876,22.551054001068824
logging_only,P001,D03,HGS+BO10,10,0,0.12787657493190757,3.1420958658030926,100.0,22.551054001068824
logging_only,P001,D04,CS-BO,30,0,0.010204011266722544,9.027584628851326,61.14261800508317,20.337126494026744
logging_only,P001,D04,CS-BO,30,1,0.011136459875614443,8.641183875732716,3.4529166357760297,20.337126494026744
logging_only,P001,D04,CS-BO,30,2,0.010395255599863758,9.351083922645335,100.0,20.337126494026744
logging_only,P001,D04,WS-BO,30,0,0.010388673906568793,9.31739371231709,35.988659492721304,20.337126494026744
logging_only,P001,D04,WS-BO,30,1,0.010232413637666127,9.095396480827596,100.0,20.337126494026744
logging_only,P001,D04,WS-BO,30,2,0.010198185065245346,9.057604481457158,100.0,20.337126494026744
logging_only,P001,D04,HGS-only,0,0,0.45354103187038985,18.77562935470325,42.88329629521348,20.337126494026744
logging_only,P001,D04,HGS+BO5,5,0,0.39365626126374154,18.07765301842738,100.0,20.337126494026744
logging_only,P001,D04,HGS+BO10,10,0,0.1257393408914659,2.8605558409218617,1.1692272723095003,20.337126494026744
logging_only,P001,D05,CS-BO,30,0,0.006370023868255505,11.553606269457722,12.621012116262436,22.78990485975994
logging_only,P001,D05,CS-BO,30,1,0.006152856384080785,11.983902776554805,100.0,22.78990485975994
logging_only,P001,D05,CS-BO,30,2,0.006234300732682682,11.891212033669769,13.514875450440313,22.78990485975994
logging_only,P001,D05,WS-BO,30,0,0.006174800091106892,11.849838763262593,31.171474250125232,22.78990485975994
logging_only,P001,D05,WS-BO,30,1,0.006160445958866171,12.026444415871632,100.0,22.78990485975994
logging_only,P001,D05,WS-BO,30,2,0.0061914741749814544,11.850411033762871,100.0,22.78990485975994
logging_only,P001,D05,HGS-only,0,0,0.22701776021095774,21.419864429182947,77.8988169615687,22.78990485975994
logging_only,P001,D05,HGS+BO5,5,0,0.21909081784733075,21.25893122650383,100.0,22.78990485975994
logging_only,P001,D05,HGS+BO10,10,0,0.13079661614968066,2.8605558409218617,1.1692272723095003,22.78990485975994
logging_only,P001,D06,CS-BO,30,0,0.007308255608102478,10.986579807183176,9.851060055098465,21.617903649007914
logging_only,P001,D06,CS-BO,30,1,0.005743983403809386,12.457655725644626,9.641754994848501,21.617903649007914
logging_only,P001,D06,CS-BO,30,2,0.005654349024823242,12.482506000120143,50.22547453902049,21.617903649007914
logging_only,P001,D06,WS-BO,30,0,0.005705704071660141,12.70600075649868,30.040693380622365,21.617903649007914
logging_only,P001,D06,WS-BO,30,1,0.005692091141454448,12.755790501583101,100.0,21.617903649007914
logging_only,P001,D06,WS-BO,30,2,0.005732370104644462,12.477083228468036,12.251920327134453,21.617903649007914
logging_only,P001,D06,HGS-only,0,0,0.6910542961871441,30.140890514049847,83.10773000900869,21.617903649007914
logging_only,P001,D06,HGS+BO5,5,0,0.20981698947306657,22.18104596197019,26.54261302421588,21.617903649007914
logging_only,P001,D06,HGS+BO10,10,0,0.13169783734792576,2.8605558409218617,1.1692272723095003,21.617903649007914
logging_only,P001,D07,CS-BO,30,0,0.004183738033903995,15.802547674864938,54.16160029853164,22.368669096922076
logging_only,P001,D07,CS-BO,30,1,0.004174591177788358,14.656634308772215,9.257945789615798,22.368669096922076
logging_only,P001,D07,CS-BO,30,2,0.003973484771448389,15.226805139981815,100.0,22.368669096922076
logging_only,P001,D07,WS-BO,30,0,0.00409307919148157,14.788315785888722,25.555911445175223,22.368669096922076
logging_only,P001,D07,WS-BO,30,1,0.004006323067127161,15.122742740440579,31.015808924049526,22.368669096922076
logging_only,P001,D07,WS-BO,30,2,0.0040072436483268754,15.471693719530101,100.0,22.368669096922076
logging_only,P001,D07,HGS-only,0,0,1.3333731873708352,46.52610223755646,27.63194625961464,22.368669096922076
logging_only,P001,D07,HGS+BO5,5,0,0.06378689430191496,22.18104596197019,26.54261302421588,22.368669096922076
logging_only,P001,D07,HGS+BO10,10,0,0.06378689430191496,22.18104596197019,26.54261302421588,22.368669096922076
logging_only,P001,D08,CS-BO,30,0,0.007388273181275614,10.820766538317105,33.315523821516265,22.5138484981517
logging_only,P001,D08,CS-BO,30,1,0.007471063555230228,11.175250055093084,100.0,22.5138484981517
logging_only,P001,D08,CS-BO,30,2,0.0073616271780567975,10.803285125441029,34.39373507886784,22.5138484981517
logging_only,P001,D08,WS-BO,30,0,0.007650563358825922,11.025650121838359,6.912456623819689,22.5138484981517
logging_only,P001,D08,WS-BO,30,1,0.0073471709907029555,10.9456965285769,100.0,22.5138484981517
logging_only,P001,D08,WS-BO,30,2,0.007370882697743145,11.03905925972775,100.0,22.5138484981517
logging_only,P001,D08,HGS-only,0,0,0.4547228445338626,22.847828925262448,35.284021990710045,22.5138484981517
logging_only,P001,D08,HGS+BO5,5,0,0.4011577763406525,22.097945887133186,48.263888164662475,22.5138484981517
logging_only,P001,D08,HGS+BO10,10,0,0.12949386382766287,2.8605558409218617,1.1692272723095003,22.5138484981517
logging_only,P001,D09,CS-BO,30,0,0.00904278811935406,9.671157008454214,22.907594868988,21.04783818457452
logging_only,P001,D09,CS-BO,30,1,0.009013549304668148,9.665707565007422,100.0,21.04783818457452
logging_only,P001,D09,CS-BO,30,2,0.009114681235256071,9.475415406583348,100.0,21.04783818457452
logging_only,P001,D09,WS-BO,30,0,0.00908148382532881,9.926709414157854,60.26438089765693,21.04783818457452
logging_only,P001,D09,WS-BO,30,1,0.008961673199852834,9.777107760109581,100.0,21.04783818457452
logging_only,P001,D09,WS-BO,30,2,0.008994648492524935,9.623620243106455,100.0,21.04783818457452
logging_only,P001,D09,HGS-only,0,0,0.1881667294342557,16.409345540109047,41.24056244248769,21.04783818457452
logging_only,P001,D09,HGS+BO5,5,0,0.1881667294342557,16.409345540109047,41.24056244248769,21.04783818457452
logging_only,P001,D09,HGS+BO10,10,0,0.127028304195745,2.8605558409218617,1.1692272723095003,21.04783818457452
logging_only,P001,D10,CS-BO,30,0,0.006000452106047573,11.94303408522008,23.645890369978215,23.737115579874665
logging_only,P001,D10,CS-BO,30,1,0.005527357054692672,12.524619473732422,36.14824346834855,23.737115579874665
logging_only,P001,D10,CS-BO,30,2,0.005512524307769547,12.53015434424993,100.0,23.737115579874665
logging_only,P001,D10,WS-BO,30,0,0.00555318484383184,13.09789981156912,62.137888736601745,23.737115579874665
logging_only,P001,D10,WS-BO,30,1,0.005480193106258692,12.752289746794276,50.15941732936957,23.737115579874665
logging_only,P001,D10,WS-BO,30,2,0.005550609059780213,13.102452347650678,94.97422074873715,23.737115579874665
logging_only,P001,D10,HGS-only,0,0,0.5644762815398336,28.912448372702016,64.64992922120523,23.737115579874665
logging_only,P001,D10,HGS+BO5,5,0,0.190471795156103,22.18104596197019,26.54261302421588,23.737115579874665
logging_only,P001,D10,HGS+BO10,10,0,0.1319273680208658,2.8605558409218617,1.1692272723095003,23.737115579874665
logging_only,P049,D01,CS-BO,30,0,0.029257914590766338,11.986487169898417,100.0,35.66506961005909
logging_only,P049,D01,CS-BO,30,1,0.02920693813967829,12.11078773198918,100.0,35.66506961005909
logging_only,P049,D01,CS-BO,30,2,0.029362494834163377,12.406113597025408,16.17787257944888,35.66506961005909
logging_only,P049,D01,WS-BO,30,0,0.029440804846753266,11.811638659693404,100.0,35.66506961005909
logging_only,P049,D01,WS-BO,30,1,0.02926170842830162,11.994033789511821,100.0,35.66506961005909
logging_only,P049,D01,WS-BO,30,2,0.02933036285179397,12.170363431980727,7.251910065946274,35.66506961005909
logging_only,P049,D01,HGS-only,0,0,0.029428903588618084,12.537552464598496,99.7420909981501,35.66506961005909
logging_only,P049,D01,HGS+BO5,5,0,0.029428903588618084,12.537552464598496,99.7420909981501,35.66506961005909
logging_only,P049,D01,HGS+BO10,10,0,0.029428903588618084,12.537552464598496,99.7420909981501,35.66506961005909
logging_only,P049,D02,CS-BO,30,0,0.031804187153205085,11.31842684358844,100.0,33.855860450592004
logging_only,P049,D02,CS-BO,30,1,0.03184913746004235,11.425434076532273,23.222518467025267,33.855860450592004
logging_only,P049,D02,CS-BO,30,2,0.03183901879872165,11.29878954654091,18.944125380242145,33.855860450592004
logging_only,P049,D02,WS-BO,30,0,0.031939360644800185,11.106746288088685,100.0,33.855860450592004
logging_only,P049,D02,WS-BO,30,1,0.03180932780806364,11.22104180935591,100.0,33.855860450592004
logging_only,P049,D02,WS-BO,30,2,0.031804007855064445,11.426965141624896,100.0,33.855860450592004
logging_only,P049,D02,HGS-only,0,0,0.03207659112840568,11.744491120439426,100.00000000000004,33.855860450592004
logging_only,P049,D02,HGS+BO5,5,0,0.03207659112840568,11.744491120439426,100.00000000000004,33.855860450592004
logging_only,P049,D02,HGS+BO10,10,0,0.03207659112840568,11.744491120439426,100.00000000000004,33.855860450592004
logging_only,P049,D03,CS-BO,30,0,0.02746853984735631,12.534032161656716,9.36085340762451,37.197740861051805
logging_only,P049,D03,CS-BO,30,1,0.027314199747592704,12.63647791678357,100.0,37.197740861051805
logging_only,P049,D03,CS-BO,30,2,0.02729267888439709,13.041538285411708,14.413639793191253,37.197740861051805
logging_only,P049,D03,WS-BO,30,0,0.028059585595109408,13.648758122871447,100.0,37.197740861051805
logging_only,P049,D03,WS-BO,30,1,0.027297768816961658,13.203785104083922,100.0,37.197740861051805
logging_only,P049,D03,WS-BO,30,2,0.02719584402921522,12.896140514275514,100.0,37.197740861051805
logging_only,P049,D03,HGS-only,0,0,0.02737556284606011,13.247600352209695,100.00000000000004,37.197740861051805
logging_only,P049,D03,HGS+BO5,5,0,0.02737556284606011,13.247600352209695,100.00000000000004,37.197740861051805
logging_only,P049,D03,HGS+BO10,10,0,0.02737556284606011,13.247600352209695,100.00000000000004,37.197740861051805
logging_only,P049,D04,CS-BO,30,0,0.035422060794975965,10.338787553080616,9.711418663956634,31.689435573609316
logging_only,P049,D04,CS-BO,30,1,0.035353767098042166,10.29152784272759,17.975313531978816,31.689435573609316
logging_only,P049,D04,CS-BO,30,2,0.035287436521950336,10.608349525168355,100.0,31.689435573609316
logging_only,P049,D04,WS-BO,30,0,0.03581331306575499,10.007091447901944,12.774494961687093,31.689435573609316
logging_only,P049,D04,WS-BO,30,1,0.03562194857040506,10.08159842841794,100.0,31.689435573609316
logging_only,P049,D04,WS-BO,30,2,0.035281304156901235,10.392010454060307,29.078455049940846,31.689435573609316
logging_only,P049,D04,HGS-only,0,0,0.036547557531877564,11.112706714627297,50.77416486722369,31.689435573609316
logging_only,P049,D04,HGS+BO5,5,0,0.036547557531877564,11.112706714627297,50.77416486722369,31.689435573609316
logging_only,P049,D04,HGS+BO10,10,0,0.036547557531877564,11.112706714627297,50.77416486722369,31.689435573609316
logging_only,P049,D05,CS-BO,30,0,0.02582178379693221,13.860853051496717,6.032925611822288,38.503019467663464
logging_only,P049,D05,CS-BO,30,1,0.025969152507418363,13.008227711102245,100.0,38.503019467663464
logging_only,P049,D05,CS-BO,30,2,0.025582763553786515,13.758412981185462,100.0,38.503019467663464
logging_only,P049,D05,WS-BO,30,0,0.025786927642393563,14.00191166478052,100.0,38.503019467663464
logging_only,P049,D05,WS-BO,30,1,0.025582880040697496,13.630997119887764,49.150590236105614,38.503019467663464
logging_only,P049,D05,WS-BO,30,2,0.025697907725831637,13.437859452171924,6.447483443812942,38.503019467663464
logging_only,P049,D05,HGS-only,0,0,0.025573470971215144,13.675549600367715,100.00000000000004,38.503019467663464
logging_only,P049,D05,HGS+BO5,5,0,0.025573470971215144,13.675549600367715,100.00000000000004,38.503019467663464
logging_only,P049,D05,HGS+BO10,10,0,0.025573470971215144,13.675549600367715,100.00000000000004,38.503019467663464
logging_only,P049,D06,CS-BO,30,0,0.023709385397704015,14.554818306173653,60.60567838864283,34.27538590053806
logging_only,P049,D06,CS-BO,30,1,0.02462022185095046,15.279177194064832,11.14543767528267,34.27538590053806
logging_only,P049,D06,CS-BO,30,2,0.023794044287987252,14.746433286719373,100.0,34.27538590053806
logging_only,P049,D06,WS-BO,30,0,0.02374322440383958,14.615520184966506,31.049142330156446,34.27538590053806
logging_only,P049,D06,WS-BO,30,1,0.023734179686965014,14.267971954757593,45.63036310738661,34.27538590053806
logging_only,P049,D06,WS-BO,30,2,0.024012221631783022,14.9645349922824,100.0,34.27538590053806
logging_only,P049,D06,HGS-only,0,0,0.03324820220354114,17.050735128986645,100.00000000000004,34.27538590053806
logging_only,P049,D06,HGS+BO5,5,0,0.03324820220354114,17.050735128986645,100.00000000000004,34.27538590053806
logging_only,P049,D06,HGS+BO10,10,0,0.03324820220354114,17.050735128986645,100.00000000000004,34.27538590053806
logging_only,P049,D07,CS-BO,30,0,0.018753672620309775,17.36543008018704,67.092512502931,35.01847349635282
logging_only,P049,D07,CS-BO,30,1,0.01886562244428547,17.862797498637025,5.19595020968797,35.01847349635282
logging_only,P049,D07,CS-BO,30,2,0.018716397026309468,17.70610465642517,100.0,35.01847349635282
logging_only,P049,D07,WS-BO,30,0,0.019037957778161238,16.853611790403694,100.0,35.01847349635282
logging_only,P049,D07,WS-BO,30,1,0.018798092783361017,17.62557589064187,5.0834146482229094,35.01847349635282
logging_only,P049,D07,WS-BO,30,2,0.018708427779271855,17.81225119012451,100.0,35.01847349635282
logging_only,P049,D07,HGS-only,0,0,0.056505102173403314,23.61224986351789,54.88862838846158,35.01847349635282
logging_only,P049,D07,HGS+BO5,5,0,0.039389479374671715,22.18104596197019,26.54261302421588,35.01847349635282
logging_only,P049,D07,HGS+BO10,10,0,0.039389479374671715,22.18104596197019,26.54261302421588,35.01847349635282
logging_only,P049,D08,CS-BO,30,0,0.028384554660660945,12.747678084646518,6.212779292945796,35.65582658471872
logging_only,P049,D08,CS-BO,30,1,0.028212646541764273,12.397199147357876,100.0,35.65582658471872
logging_only,P049,D08,CS-BO,30,2,0.028280540358852368,12.434536047351886,7.359922711133728,35.65582658471872
logging_only,P049,D08,WS-BO,30,0,0.028695077418307586,12.019749264540804,6.377866052851873,35.65582658471872
logging_only,P049,D08,WS-BO,30,1,0.028159768222489518,12.557841482683,100.0,35.65582658471872
logging_only,P049,D08,WS-BO,30,2,0.02824191741565902,12.808116486588823,100.0,35.65582658471872
logging_only,P049,D08,HGS-only,0,0,0.02856687971247336,13.047959245745732,43.852441583368666,35.65582658471872
logging_only,P049,D08,HGS+BO5,5,0,0.02856687971247336,13.047959245745732,43.852441583368666,35.65582658471872
logging_only,P049,D08,HGS+BO10,10,0,0.02856687971247336,13.047959245745732,43.852441583368666,35.65582658471872
logging_only,P049,D09,CS-BO,30,0,0.03307925716733274,11.108139831608005,100.0,33.87454932145655
logging_only,P049,D09,CS-BO,30,1,0.033150871930391665,11.091088446345088,13.251499462245777,33.87454932145655
logging_only,P049,D09,CS-BO,30,2,0.03313052413838087,10.871165870737602,32.75615243709394,33.87454932145655
logging_only,P049,D09,WS-BO,30,0,0.033187908486364215,10.975835842613728,10.718452008299161,33.87454932145655
logging_only,P049,D09,WS-BO,30,1,0.03318571243602231,10.771620114592654,100.0,33.87454932145655
logging_only,P049,D09,WS-BO,30,2,0.03308531526408399,10.931062695230732,38.74425136089419,33.87454932145655
logging_only,P049,D09,HGS-only,0,0,0.03310287328002575,11.112706714627297,50.77416486722369,33.87454932145655
logging_only,P049,D09,HGS+BO5,5,0,0.033058498402899004,10.968480564464238,100.0,33.87454932145655
logging_only,P049,D09,HGS+BO10,10,0,0.033058498402899004,10.968480564464238,100.0,33.87454932145655
logging_only,P049,D10,CS-BO,30,0,0.023295985654601583,14.566673915759539,24.121033305934144,38.12368585597335
logging_only,P049,D10,CS-BO,30,1,0.02396013822222166,15.453481879280481,11.063438776349363,38.12368585597335
logging_only,P049,D10,CS-BO,30,2,0.023270492861847014,14.859675759386919,100.0,38.12368585597335
logging_only,P049,D10,WS-BO,30,0,0.02323371771755265,14.707330751174782,63.870078047812136,38.12368585597335
logging_only,P049,D10,WS-BO,30,1,0.023268702018936896,14.530104087037175,44.200794028736624,38.12368585597335
logging_only,P049,D10,WS-BO,30,2,0.023343804142786834,15.03015373048102,100.0,38.12368585597335
logging_only,P049,D10,HGS-only,0,0,0.025524977235272472,16.096718168475455,87.37823689847632,38.12368585597335
logging_only,P049,D10,HGS+BO5,5,0,0.025524977235272472,16.096718168475455,87.37823689847632,38.12368585597335
logging_only,P049,D10,HGS+BO10,10,0,0.025524977235272472,16.096718168475455,87.37823689847632,38.12368585597335
logging_only,P053,D01,CS-BO,30,0,0.21200472171044735,25.716810585917674,25.07294714065092,57.00655004452317
logging_only,P053,D01,CS-BO,30,1,0.21176916730894474,25.183879080924626,100.0,57.00655004452317
logging_only,P053,D01,CS-BO,30,2,0.21176622200050918,25.321247803629674,100.0,57.00655004452317
logging_only,P053,D01,WS-BO,30,0,0.21184471423336182,25.020644062241022,97.97639141291587,57.00655004452317
logging_only,P053,D01,WS-BO,30,1,0.21176760183587767,25.299138210267547,93.78526600464355,57.00655004452317
logging_only,P053,D01,WS-BO,30,2,0.21197033194579964,25.629761353903973,14.388642031894586,57.00655004452317
logging_only,P053,D01,HGS-only,0,0,0.23715095123063043,20.1235909797209,64.96082537779876,57.00655004452317
logging_only,P053,D01,HGS+BO5,5,0,0.22158363867227376,22.18104596197019,26.54261302421588,57.00655004452317
logging_only,P053,D01,HGS+BO10,10,0,0.22038229613345633,26.997544659346612,0.5282583872588439,57.00655004452317
logging_only,P053,D02,CS-BO,30,0,0.23146935011073286,23.23519493341915,26.230528330300075,55.373850141649406
logging_only,P053,D02,CS-BO,30,1,0.23140731165166478,23.389943086125516,100.0,55.373850141649406
logging_only,P053,D02,CS-BO,30,2,0.231429825376008,23.490547645895326,100.0,55.373850141649406
logging_only,P053,D02,WS-BO,30,0,0.23146224742872878,23.141795380483124,45.75395246307449,55.373850141649406
logging_only,P053,D02,WS-BO,30,1,0.23141891108369947,23.23649384579617,100.0,55.373850141649406
logging_only,P053,D02,WS-BO,30,2,0.2314242144403081,23.381006299527918,48.188108108187656,55.373850141649406
logging_only,P053,D02,HGS-only,0,0,0.26559386082056613,17.927972105787738,31.904149324318666,55.373850141649406
logging_only,P053,D02,HGS+BO5,5,0,0.23316362421061299,22.18104596197019,26.54261302421588,55.373850141649406
logging_only,P053,D02,HGS+BO10,10,0,0.23316362421061299,22.18104596197019,26.54261302421588,55.373850141649406
logging_only,P053,D03,CS-BO,30,0,0.196632562679523,27.07956353291092,42.996411808677145,58.200631539914006
logging_only,P053,D03,CS-BO,30,1,0.19666774887709795,27.259964236565718,30.452694002304888,58.200631539914006
logging_only,P053,D03,CS-BO,30,2,0.1966173735313695,26.998545366619595,100.0,58.200631539914006
logging_only,P053,D03,WS-BO,30,0,0.1966560241163015,27.166729781023772,34.71233485049548,58.200631539914006
logging_only,P053,D03,WS-BO,30,1,0.19661652063339258,27.01797116509872,100.0,58.200631539914006
logging_only,P053,D03,WS-BO,30,2,0.1966166096499304,27.01589083055481,100.0,58.200631539914006
logging_only,P053,D03,HGS-only,0,0,0.21859277835671245,21.793509338583576,68.26277871281695,58.200631539914006
logging_only,P053,D03,HGS+BO5,5,0,0.21573340709725844,22.18104596197019,26.54261302421588,58.200631539914006
logging_only,P053,D03,HGS+BO10,10,0,0.19945338162295898,26.997544659346612,0.5282583872588439,58.200631539914006
logging_only,P053,D04,CS-BO,30,0,0.25848795397505514,20.845862484585123,100.0,53.12822035916398
logging_only,P053,D04,CS-BO,30,1,0.25843204700028793,21.27096550198078,100.0,53.12822035916398
logging_only,P053,D04,CS-BO,30,2,0.2584052198118273,21.04460478985549,63.53737355927958,53.12822035916398
logging_only,P053,D04,WS-BO,30,0,0.2583948524976627,21.063266189215042,100.0,53.12822035916398
logging_only,P053,D04,WS-BO,30,1,0.25839460129657305,21.060884273649567,100.0,53.12822035916398
logging_only,P053,D04,WS-BO,30,2,0.258461262160902,20.905698499789885,67.43697684887132,53.12822035916398
logging_only,P053,D04,HGS-only,0,0,0.31037141509825134,15.26172784932799,16.563699212825753,53.12822035916398
logging_only,P053,D04,HGS+BO5,5,0,0.2621825452216936,22.18104596197019,26.54261302421588,53.12822035916398
logging_only,P053,D04,HGS+BO10,10,0,0.2621825452216936,22.18104596197019,26.54261302421588,53.12822035916398
logging_only,P053,D05,CS-BO,30,0,0.1844852273554282,28.819778852111867,36.113773217584466,59.07093374377933
logging_only,P053,D05,CS-BO,30,1,0.184527949445664,28.469415980014194,29.346035077727425,59.07093374377933
logging_only,P053,D05,CS-BO,30,2,0.18445245239953822,28.705308621854943,100.0,59.07093374377933
logging_only,P053,D05,WS-BO,30,0,0.1845289891721556,28.792928454492156,15.634910898360747,59.07093374377933
logging_only,P053,D05,WS-BO,30,1,0.18461172625740072,28.329307752732284,26.954583550262335,59.07093374377933
logging_only,P053,D05,WS-BO,30,2,0.18449593254788635,28.48572051583467,100.0,59.07093374377933
logging_only,P053,D05,HGS-only,0,0,0.20715869107203702,22.847828925262448,35.284021990710045,59.07093374377933
logging_only,P053,D05,HGS+BO5,5,0,0.20519111500467355,23.135985197197463,11.649715757501239,59.07093374377933
logging_only,P053,D05,HGS+BO10,10,0,0.1885113104946378,26.997544659346612,0.5282583872588439,59.07093374377933
logging_only,P053,D06,CS-BO,30,0,0.18450355207747934,28.70277107314572,34.98848049665863,56.2299784955618
logging_only,P053,D06,CS-BO,30,1,0.1844985668548179,28.719931789729138,27.256290501037,56.2299784955618
logging_only,P053,D06,CS-BO,30,2,0.18447691411586184,28.802989153315455,96.96687148427856,56.2299784955618
logging_only,P053,D06,WS-BO,30,0,0.18453178886486618,28.64778947638724,18.016379302485877,56.2299784955618
logging_only,P053,D06,WS-BO,30,1,0.1845130953666339,28.659857369381204,24.446157342169126,56.2299784955618
logging_only,P053,D06,WS-BO,30,2,0.18457061984342216,29.062294125907066,94.00577149153588,56.2299784955618
logging_only,P053,D06,HGS-only,0,0,0.20507059417241605,23.135985197197463,11.649715757501239,56.2299784955618
logging_only,P053,D06,HGS+BO5,5,0,0.201967422248706,23.61224986351789,54.88862838846158,56.2299784955618
logging_only,P053,D06,HGS+BO10,10,0,0.18847855268813699,26.997544659346612,0.5282583872588439,56.2299784955618
logging_only,P053,D07,CS-BO,30,0,0.15548459716378235,33.19840684714999,74.92960075905896,56.963131266969604
logging_only,P053,D07,CS-BO,30,1,0.15542580485571542,33.4184092930552,100.0,56.963131266969604
logging_only,P053,D07,CS-BO,30,2,0.1554759707047149,33.32176711037487,22.256835715530812,56.963131266969604
logging_only,P053,D07,WS-BO,30,0,0.15602090060614987,34.399138259533245,3.6945584674343457,56.963131266969604
logging_only,P053,D07,WS-BO,30,1,0.15543372539325429,33.873080798421725,100.0,56.963131266969604
logging_only,P053,D07,WS-BO,30,2,0.15541367349710103,33.70473423043762,100.0,56.963131266969604
logging_only,P053,D07,HGS-only,0,0,0.17071086685369183,27.640148725445336,57.44974284284848,56.963131266969604
logging_only,P053,D07,HGS+BO5,5,0,0.16981220571437697,27.837639938496917,21.54997640706841,56.963131266969604
logging_only,P053,D07,HGS+BO10,10,0,0.16981220571437697,27.837639938496917,21.54997640706841,56.963131266969604
logging_only,P053,D08,CS-BO,30,0,0.21724236695337967,24.75378507749758,42.734963568122666,56.64456511750892
logging_only,P053,D08,CS-BO,30,1,0.21722733765870508,24.856948541648624,100.0,56.64456511750892
logging_only,P053,D08,CS-BO,30,2,0.21729946680756518,24.659828707621582,16.757079647228526,56.64456511750892
logging_only,P053,D08,WS-BO,30,0,0.21722010629127017,24.647042192850392,98.40432782283762,56.64456511750892
logging_only,P053,D08,WS-BO,30,1,0.21721555662000136,24.727084764119777,100.0,56.64456511750892
logging_only,P053,D08,WS-BO,30,2,0.21731502904248665,24.552872175049572,21.87646270661029,56.64456511750892
logging_only,P053,D08,HGS-only,0,0,0.24624614062503758,19.34666695619954,27.786898417109505,56.64456511750892
logging_only,P053,D08,HGS+BO5,5,0,0.2243109435279774,22.18104596197019,26.54261302421588,56.64456511750892
logging_only,P053,D08,HGS+BO10,10,0,0.2243109435279774,22.18104596197019,26.54261302421588,56.64456511750892
logging_only,P053,D09,CS-BO,30,0,0.22527237325747593,24.60191976540203,35.94067417988511,55.789177785185096
logging_only,P053,D09,CS-BO,30,1,0.22469922029925496,24.037558195246646,100.0,55.789177785185096
logging_only,P053,D09,CS-BO,30,2,0.22470510450658907,24.060737927999085,100.0,55.789177785185096
logging_only,P053,D09,WS-BO,30,0,0.2248664297060105,23.62269579270489,40.347208097252945,55.789177785185096
logging_only,P053,D09,WS-BO,30,1,0.22469735440547417,23.932072973926328,100.0,55.789177785185096
logging_only,P053,D09,WS-BO,30,2,0.22474354182595996,23.971946770129204,30.434055674191015,55.789177785185096
logging_only,P053,D09,HGS-only,0,0,0.2541356882685819,18.77562935470325,42.88329629521348,55.789177785185096
logging_only,P053,D09,HGS+BO5,5,0,0.22850074931091188,22.18104596197019,26.54261302421588,55.789177785185096
logging_only,P053,D09,HGS+BO10,10,0,0.22850074931091188,22.18104596197019,26.54261302421588,55.789177785185096
logging_only,P053,D10,CS-BO,30,0,0.18066252507738634,29.28342173411424,99.56325805802945,59.0455128030096
logging_only,P053,D10,CS-BO,30,1,0.18074638520737862,29.529316972763723,23.58105369645493,59.0455128030096
logging_only,P053,D10,CS-BO,30,2,0.1806642935498664,29.30354075719612,100.0,59.0455128030096
logging_only,P053,D10,WS-BO,30,0,0.18079373333159793,28.8726644026249,34.938602241575246,59.0455128030096
logging_only,P053,D10,WS-BO,30,1,0.1808225503230355,29.710814438199307,29.25751261299925,59.0455128030096
logging_only,P053,D10,WS-BO,30,2,0.18074429882950027,29.067998852967715,20.217849762803297,59.0455128030096
logging_only,P053,D10,HGS-only,0,0,0.2008702294367593,23.61224986351789,54.88862838846158,59.0455128030096
logging_only,P053,D10,HGS+BO5,5,0,0.2008702294367593,23.61224986351789,54.88862838846158,59.0455128030096
logging_only,P053,D10,HGS+BO10,10,0,0.18585899371314366,26.997544659346612,0.5282583872588439,59.0455128030096
logging_only,P158,D01,CS-BO,30,0,0.06364274669236174,57.73940805310904,31.3538788822439,59.85135299024121
logging_only,P158,D01,CS-BO,30,1,0.06362913907067928,57.723120430477614,100.0,59.85135299024121
logging_only,P158,D01,CS-BO,30,2,0.06359068113278281,55.22208227894414,4.147539397876624,59.85135299024121
logging_only,P158,D01,WS-BO,30,0,0.06400031740905064,58.56788745263924,14.823973577301254,59.85135299024121
logging_only,P158,D01,WS-BO,30,1,0.06355619407821413,57.42502853879247,14.17338228526789,59.85135299024121
logging_only,P158,D01,WS-BO,30,2,0.06360955286700648,57.66256766822082,100.0,59.85135299024121
logging_only,P158,D01,HGS-only,0,0,0.07614463989463674,42.13811760374776,10.808129050240725,59.85135299024121
logging_only,P158,D01,HGS+BO5,5,0,0.07497942449833696,42.96413954939052,88.51558724526777,59.85135299024121
logging_only,P158,D01,HGS+BO10,10,0,0.07497942449833696,42.96413954939052,88.51558724526777,59.85135299024121
logging_only,P158,D02,CS-BO,30,0,0.06967121783227725,50.4420124279845,8.739425062182466,60.49486663885073
logging_only,P158,D02,CS-BO,30,1,0.06945773001006446,52.333803218996735,100.0,60.49486663885073
logging_only,P158,D02,CS-BO,30,2,0.06947200270026205,52.34012432135764,23.296225125649997,60.49486663885073
logging_only,P158,D02,WS-BO,30,0,0.06962812608322871,53.001278686958095,47.663175034959195,60.49486663885073
logging_only,P158,D02,WS-BO,30,1,0.06943335703543081,51.43592720058602,100.0,60.49486663885073
logging_only,P158,D02,WS-BO,30,2,0.06945382301767793,52.24384576416785,27.14266358382985,60.49486663885073
logging_only,P158,D02,HGS-only,0,0,0.08288114621414387,38.96253212658967,18.456209307135847,60.49486663885073
logging_only,P158,D02,HGS+BO5,5,0,0.08103790829046599,40.08280133231231,71.11998692280825,60.49486663885073
logging_only,P158,D02,HGS+BO10,10,0,0.08103790829046599,40.08280133231231,71.11998692280825,60.49486663885073
logging_only,P158,D03,CS-BO,30,0,0.05882079998311191,59.8677416387292,100.0,59.38733287387511
logging_only,P158,D03,CS-BO,30,1,0.05879276496525171,60.27942243732847,100.0,59.38733287387511
logging_only,P158,D03,CS-BO,30,2,0.05881610079378782,60.898025198200294,100.0,59.38733287387511
logging_only,P158,D03,WS-BO,30,0,0.05890176955367434,61.48291601861867,36.45046315847145,59.38733287387511
logging_only,P158,D03,WS-BO,30,1,0.058834925621634525,61.09096173498179,100.0,59.38733287387511
logging_only,P158,D03,WS-BO,30,2,0.05888453658790351,61.357374095680235,21.996883814780283,59.38733287387511
logging_only,P158,D03,HGS-only,0,0,0.07176062911608021,44.344727245224796,22.64350857767592,59.38733287387511
logging_only,P158,D03,HGS+BO5,5,0,0.06984895704528053,45.87668746162803,67.47421706315592,59.38733287387511
logging_only,P158,D03,HGS+BO10,10,0,0.06984895704528053,45.87668746162803,67.47421706315592,59.38733287387511
logging_only,P158,D04,CS-BO,30,0,0.07775181002729963,46.70335260021729,22.186120643764696,61.21878178579837
logging_only,P158,D04,CS-BO,30,1,0.07773045825163721,46.76415055126589,97.46969645251532,61.21878178579837
logging_only,P158,D04,CS-BO,30,2,0.07773388572206967,46.805266129432596,100.0,61.21878178579837
logging_only,P158,D04,WS-BO,30,0,0.0777402400950911,46.368598681590655,100.0,61.21878178579837
logging_only,P158,D04,WS-BO,30,1,0.07778131533725027,46.330553188184226,9.631536402668905,61.21878178579837
logging_only,P158,D04,WS-BO,30,2,0.07777706265277137,46.12506512201078,100.0,61.21878178579837
logging_only,P158,D04,HGS-only,0,0,0.09096648423261856,35.89338452713225,19.743968316760405,61.21878178579837
logging_only,P158,D04,HGS+BO5,5,0,0.09096648423261856,35.89338452713225,19.743968316760405,61.21878178579837
logging_only,P158,D04,HGS+BO10,10,0,0.09096648423261856,35.89338452713225,19.743968316760405,61.21878178579837
logging_only,P158,D05,CS-BO,30,0,0.05546789635861241,61.88037315303406,100.0,59.08710780106085
logging_only,P158,D05,CS-BO,30,1,0.05522471920839868,65.4283194961963,100.0,59.08710780106085
logging_only,P158,D05,CS-BO,30,2,0.05511909701673236,63.88433221610338,18.491763534223903,59.08710780106085
logging_only,P158,D05,WS-BO,30,0,0.05522536815106777,65.40977870170188,45.26965617953055,59.08710780106085
logging_only,P158,D05,WS-BO,30,1,0.055102216073024665,64.06037756767829,100.0,59.08710780106085
logging_only,P158,D05,WS-BO,30,2,0.05516178474654167,64.93659344923188,19.7165321774736,59.08710780106085
logging_only,P158,D05,HGS-only,0,0,0.06725022789169662,47.13533990543618,22.139731949310214,59.08710780106085
logging_only,P158,D05,HGS+BO5,5,0,0.06725022789169662,47.13533990543618,22.139731949310214,59.08710780106085
logging_only,P158,D05,HGS+BO10,10,0,0.06725022789169662,47.13533990543618,22.139731949310214,59.08710780106085
logging_only,P158,D06,CS-BO,30,0,0.05787702790418053,63.818794830182654,0.14344442826698453,59.244449988935756
logging_only,P158,D06,CS-BO,30,1,0.055867233666497144,65.42824628910493,100.0,59.244449988935756
logging_only,P158,D06,CS-BO,30,2,0.055648733861523685,63.016221659733496,100.0,59.244449988935756
logging_only,P158,D06,WS-BO,30,0,0.055763346534550576,65.00688243857594,44.804897294897174,59.244449988935756
logging_only,P158,D06,WS-BO,30,1,0.05567786954531319,62.75885623709001,71.26916473597466,59.244449988935756
logging_only,P158,D06,WS-BO,30,2,0.055627336825929484,63.79222562109365,14.130085625956779,59.244449988935756
logging_only,P158,D06,HGS-only,0,0,0.06585170297089636,48.58014591299477,89.40607550270911,59.244449988935756
logging_only,P158,D06,HGS+BO5,5,0,0.0649965699178915,49.393464728125984,3.689653733606577,59.244449988935756
logging_only,P158,D06,HGS+BO10,10,0,0.0649965699178915,49.393464728125984,3.689653733606577,59.244449988935756
logging_only,P158,D07,CS-BO,30,0,0.04740556859107314,72.23010896367765,2.637469161203588,58.762917160047856
logging_only,P158,D07,CS-BO,30,1,0.047383918893822125,76.17786794626537,11.52390809812319,58.762917160047856
logging_only,P158,D07,CS-BO,30,2,0.04719074355903728,73.37850626300673,100.0,58.762917160047856
logging_only,P158,D07,WS-BO,30,0,0.04859199238659944,68.44660616917228,3.092922738875375,58.762917160047856
logging_only,P158,D07,WS-BO,30,1,0.0471774598309904,74.91427723749825,100.0,58.762917160047856
logging_only,P158,D07,WS-BO,30,2,0.047567334549198946,71.27960037067537,100.0,58.762917160047856
logging_only,P158,D07,HGS-only,0,0,0.05470023561732482,58.29157221817432,34.95223044618922,58.762917160047856
logging_only,P158,D07,HGS+BO5,5,0,0.05452732954627348,58.53200128868857,25.085803205278236,58.762917160047856
logging_only,P158,D07,HGS+BO10,10,0,0.05452732954627348,58.53200128868857,25.085803205278236,58.762917160047856
logging_only,P158,D08,CS-BO,30,0,0.065506793468309,54.566745639206474,100.0,60.38989826891955
logging_only,P158,D08,CS-BO,30,1,0.06558599712298431,55.50780795272702,100.0,60.38989826891955
logging_only,P158,D08,CS-BO,30,2,0.06554556182419166,54.30176727666369,21.682894608180206,60.38989826891955
logging_only,P158,D08,WS-BO,30,0,0.06616501909059845,52.21012632389179,27.29888568262183,60.38989826891955
logging_only,P158,D08,WS-BO,30,1,0.06552358070706728,55.026650804936615,100.0,60.38989826891955
logging_only,P158,D08,WS-BO,30,2,0.06593943498645023,56.57157390800696,100.0,60.38989826891955
logging_only,P158,D08,HGS-only,0,0,0.07775151011643744,41.50956893717554,56.56628246997807,60.38989826891955
logging_only,P158,D08,HGS+BO5,5,0,0.07775151011643744,41.50956893717554,56.56628246997807,60.38989826891955
logging_only,P158,D08,HGS+BO10,10,0,0.07775151011643744,41.50956893717554,56.56628246997807,60.38989826891955
logging_only,P158,D09,CS-BO,30,0,0.06691078434185145,53.39906591842509,18.52569350220994,59.89135384536244
logging_only,P158,D09,CS-BO,30,1,0.06690316503151274,53.725293158747746,100.0,59.89135384536244
logging_only,P158,D09,CS-BO,30,2,0.0668963457146904,53.60523490117794,100.0,59.89135384536244
logging_only,P158,D09,WS-BO,30,0,0.06732476577014458,54.984390390759884,2.4052682538321317,59.89135384536244
logging_only,P158,D09,WS-BO,30,1,0.06690197008878496,53.291355249411396,100.0,59.89135384536244
logging_only,P158,D09,WS-BO,30,2,0.06768790731002115,50.892665732383016,18.80268170409117,59.89135384536244
logging_only,P158,D09,HGS-only,0,0,0.07906185353644084,40.84124145550769,25.752995556287946,59.89135384536244
logging_only,P158,D09,HGS+BO5,5,0,0.07906185353644084,40.84124145550769,25.752995556287946,59.89135384536244
logging_only,P158,D09,HGS+BO10,10,0,0.07906185353644084,40.84124145550769,25.752995556287946,59.89135384536244
logging_only,P158,D10,CS-BO,30,0,0.05454790919026075,64.93700435479711,1.7759711400904041,60.86779864115919
logging_only,P158,D10,CS-BO,30,1,0.05442387908957969,65.330695664639,100.0,60.86779864115919
logging_only,P158,D10,CS-BO,30,2,0.05473316406237123,63.521501020187564,1.2025231618606342,60.86779864115919
logging_only,P158,D10,WS-BO,30,0,0.054416493544599286,65.18759290534308,43.83432548416547,60.86779864115919
logging_only,P158,D10,WS-BO,30,1,0.05447077473204336,65.8693054253953,100.0,60.86779864115919
logging_only,P158,D10,WS-BO,30,2,0.05452594218986374,66.19726120254363,100.0,60.86779864115919
logging_only,P158,D10,HGS-only,0,0,0.06550585219537688,48.58014591299477,89.40607550270911,60.86779864115919
logging_only,P158,D10,HGS+BO5,5,0,0.06550585219537688,48.58014591299477,89.40607550270911,60.86779864115919
logging_only,P158,D10,HGS+BO10,10,0,0.06550585219537688,48.58014591299477,89.40607550270911,60.86779864115919
logging_only,P186,D01,CS-BO,30,0,0.2024159360795814,45.80876985961614,8.171656638024853,75.63537834142961
logging_only,P186,D01,CS-BO,30,1,0.20234750817260566,45.779297511762195,100.0,75.63537834142961
logging_only,P186,D01,CS-BO,30,2,0.20234716835835204,45.92864719854386,99.19924659638737,75.63537834142961
logging_only,P186,D01,WS-BO,30,0,0.20235889412461208,45.721095753116096,35.27266279131079,75.63537834142961
logging_only,P186,D01,WS-BO,30,1,0.20235625283220607,45.966875038912434,100.0,75.63537834142961
logging_only,P186,D01,WS-BO,30,2,0.20234726943797174,45.842963522096994,100.0,75.63537834142961
logging_only,P186,D01,HGS-only,0,0,0.3167880058503723,23.933788871610837,32.486945821795246,75.63537834142961
logging_only,P186,D01,HGS+BO5,5,0,0.3167872093215719,23.933788871610837,27.918948392304088,75.63537834142961
logging_only,P186,D01,HGS+BO10,10,0,0.21681715553700878,38.67826326774609,97.34412454597087,75.63537834142961
logging_only,P186,D02,CS-BO,30,0,0.22184468562808127,40.7985769565959,100.0,74.25410244593878
logging_only,P186,D02,CS-BO,30,1,0.22110249377873994,42.20819332381894,100.0,74.25410244593878
logging_only,P186,D02,CS-BO,30,2,0.22115003563515248,42.44646091059014,100.0,74.25410244593878
logging_only,P186,D02,WS-BO,30,0,0.2218899896426046,40.75210441714117,100.0,74.25410244593878
logging_only,P186,D02,WS-BO,30,1,0.22110606387863815,42.147990323125896,100.0,74.25410244593878
logging_only,P186,D02,WS-BO,30,2,0.22128609772733776,42.806713973649515,62.46688586431928,74.25410244593878
logging_only,P186,D02,HGS-only,0,0,0.36811687822860084,20.458266244414386,58.898330698525825,74.25410244593878
logging_only,P186,D02,HGS+BO5,5,0,0.3438206471895427,22.18104596197019,26.54261302421588,74.25410244593878
logging_only,P186,D02,HGS+BO10,10,0,0.2925068488709195,26.997544659346612,0.5282583872588439,74.25410244593878
logging_only,P186,D03,CS-BO,30,0,0.18790998056400368,49.103641562494346,100.0,76.54063591342384
logging_only,P186,D03,CS-BO,30,1,0.18790021739212515,48.81206701417052,100.0,76.54063591342384
logging_only,P186,D03,CS-BO,30,2,0.18792001164653205,49.18187129452642,100.0,76.54063591342384
logging_only,P186,D03,WS-BO,30,0,0.18800330367393553,48.35683062326358,32.77238708243621,76.54063591342384
logging_only,P186,D03,WS-BO,30,1,0.18792264874768674,48.66478864645065,100.0,76.54063591342384
logging_only,P186,D03,WS-BO,30,2,0.18798414398116362,49.53509718975879,100.0,76.54063591342384
logging_only,P186,D03,HGS-only,0,0,0.2785522141848759,27.41079028916939,17.96760340582879,76.54063591342384
logging_only,P186,D03,HGS+BO5,5,0,0.2785522141848759,27.41079028916939,17.96760340582879,76.54063591342384
logging_only,P186,D03,HGS+BO10,10,0,0.19644793075710235,43.09635452602185,22.297269976939564,76.54063591342384
logging_only,P186,D04,CS-BO,30,0,0.2470479097653335,38.50948890139967,38.23841526787039,72.05252088170282
logging_only,P186,D04,CS-BO,30,1,0.2469639852392269,38.230119106885134,100.0,72.05252088170282
logging_only,P186,D04,CS-BO,30,2,0.24701095133535927,38.03069723336075,12.053414511083666,72.05252088170282
logging_only,P186,D04,WS-BO,30,0,0.24696126611229205,37.91182077577195,100.0,72.05252088170282
logging_only,P186,D04,WS-BO,30,1,0.24700169588198517,38.372026292485685,100.0,72.05252088170282
logging_only,P186,D04,WS-BO,30,2,0.24698041144277558,38.14854407171151,18.32972849093313,72.05252088170282
logging_only,P186,D04,HGS-only,0,0,0.49932497781394297,14.72906393844336,26.84697443560868,72.05252088170282
logging_only,P186,D04,HGS+BO5,5,0,0.3519088236586636,22.18104596197019,26.54261302421588,72.05252088170282
logging_only,P186,D04,HGS+BO10,10,0,0.2494577064882333,35.88080556041634,28.886333266457555,72.05252088170282
logging_only,P186,D05,CS-BO,30,0,0.17647907606113009,51.21850121249816,8.260415881423349,77.07060362655108
logging_only,P186,D05,CS-BO,30,1,0.17634452072367998,51.55594592358034,100.0,77.07060362655108
logging_only,P186,D05,CS-BO,30,2,0.1763475776455242,51.82694794559449,13.887689138906172,77.07060362655108
logging_only,P186,D05,WS-BO,30,0,0.17633656767664874,52.19280831059078,100.0,77.07060362655108
logging_only,P186,D05,WS-BO,30,1,0.1763223318135304,51.75942672700729,91.6619057155015,77.07060362655108
logging_only,P186,D05,WS-BO,30,2,0.17632735251553266,52.05805864311063,20.23451904211624,77.07060362655108
logging_only,P186,D05,HGS-only,0,0,0.2540184544885963,30.140890514049847,83.10773000900869,77.07060362655108
logging_only,P186,D05,HGS+BO5,5,0,0.2540184544885963,30.140890514049847,83.10773000900869,77.07060362655108
logging_only,P186,D05,HGS+BO10,10,0,0.21243675781725474,54.13789650322994,0.025688499763732553,77.07060362655108
logging_only,P186,D06,CS-BO,30,0,0.17775619628338366,51.618370465058454,6.599119829030363,74.24562688969857
logging_only,P186,D06,CS-BO,30,1,0.17769825032984526,51.28959626593931,100.0,74.24562688969857
logging_only,P186,D06,CS-BO,30,2,0.17768877885832463,51.6454993281553,97.29385912953053,74.24562688969857
logging_only,P186,D06,WS-BO,30,0,0.17768305501259618,51.7097060262721,100.0,74.24562688969857
logging_only,P186,D06,WS-BO,30,1,0.17768812336502798,51.63710015397161,100.0,74.24562688969857
logging_only,P186,D06,WS-BO,30,2,0.17769211832704868,51.66837977845797,70.5740026812893,74.24562688969857
logging_only,P186,D06,HGS-only,0,0,0.2719229903489899,27.837639938496917,21.54997640706841,74.24562688969857
logging_only,P186,D06,HGS+BO5,5,0,0.2635144725890188,28.912448372702016,64.64992922120523,74.24562688969857
logging_only,P186,D06,HGS+BO10,10,0,0.1776986844440624,51.93770616332903,100.0,74.24562688969857
logging_only,P186,D07,CS-BO,30,0,0.15090260219325513,59.83428102391396,33.87382973824054,73.97577965978464
logging_only,P186,D07,CS-BO,30,1,0.15087595021297093,60.163914129354424,93.93313182376208,73.97577965978464
logging_only,P186,D07,CS-BO,30,2,0.15087260777808914,60.141329706475624,90.53174092165229,73.97577965978464
logging_only,P186,D07,WS-BO,30,0,0.15111691327514723,59.147672164147124,2.8409111958527107,73.97577965978464
logging_only,P186,D07,WS-BO,30,1,0.150931260141009,60.502376191015884,91.42332939334246,73.97577965978464
logging_only,P186,D07,WS-BO,30,2,0.15089158548453965,59.95769337216908,21.866099515243114,73.97577965978464
logging_only,P186,D07,HGS-only,0,0,0.2196080800056032,34.55408503329517,20.604608337924184,73.97577965978464
logging_only,P186,D07,HGS+BO5,5,0,0.2196080800056032,34.55408503329517,20.604608337924184,73.97577965978464
logging_only,P186,D07,HGS+BO10,10,0,0.16030470062320742,60.430442218594386,0.05409382256514279,73.97577965978464
logging_only,P186,D08,CS-BO,30,0,0.20875949576613945,44.12433687599137,8.423640250445535,75.30528879202562
logging_only,P186,D08,CS-BO,30,1,0.20865642612929192,44.524506399578236,76.81639813752017,75.30528879202562
logging_only,P186,D08,CS-BO,30,2,0.2086547980336726,44.50672415419701,99.99891617477441,75.30528879202562
logging_only,P186,D08,WS-BO,30,0,0.20873064096240643,44.01252490759892,78.74183842240026,75.30528879202562
logging_only,P186,D08,WS-BO,30,1,0.20884706959282087,43.73973713889825,92.7687706466337,75.30528879202562
logging_only,P186,D08,WS-BO,30,2,0.20864246148613894,44.59148614277374,97.37748165154224,75.30528879202562
logging_only,P186,D08,HGS-only,0,0,0.3281679782235054,23.135985197197463,11.649715757501239,75.30528879202562
logging_only,P186,D08,HGS+BO5,5,0,0.3281679782235054,23.135985197197463,11.649715757501239,75.30528879202562
logging_only,P186,D08,HGS+BO10,10,0,0.2505519568961401,43.20623967896678,0.024505389897239212,75.30528879202562
logging_only,P186,D09,CS-BO,30,0,0.21376701026379188,42.726090350955545,32.359963655106554,74.66673925543236
logging_only,P186,D09,CS-BO,30,1,0.2135454754598498,43.675085228314224,100.0,74.66673925543236
logging_only,P186,D09,CS-BO,30,2,0.21353619470719443,43.5294365578793,100.0,74.66673925543236
logging_only,P186,D09,WS-BO,30,0,0.21366270047899577,43.35890496605639,5.102005359390097,74.66673925543236
logging_only,P186,D09,WS-BO,30,1,0.21355381467090298,43.28656443120279,97.25507004206534,74.66673925543236
logging_only,P186,D09,WS-BO,30,2,0.21361330014696955,43.10244781511365,18.506011640854755,74.66673925543236
logging_only,P186,D09,HGS-only,0,0,0.3328147438866176,22.847828925262448,35.284021990710045,74.66673925543236
logging_only,P186,D09,HGS+BO5,5,0,0.3328147438866176,22.847828925262448,35.284021990710045,74.66673925543236
logging_only,P186,D09,HGS+BO10,10,0,0.2204859977622365,39.031786584342775,100.0,74.66673925543236
logging_only,P186,D10,CS-BO,30,0,0.17466279782520483,51.075291266514455,1.6495364306133502,77.3004546905737
logging_only,P186,D10,CS-BO,30,1,0.1738979721740195,52.461097114239514,100.0,77.3004546905737
logging_only,P186,D10,CS-BO,30,2,0.17406114403704406,53.30700219033054,8.10784892051254,77.3004546905737
logging_only,P186,D10,WS-BO,30,0,0.17396097811061903,53.1586727218219,100.0,77.3004546905737
logging_only,P186,D10,WS-BO,30,1,0.17389924376974802,52.71772303624505,100.0,77.3004546905737
logging_only,P186,D10,WS-BO,30,2,0.17415520748153487,51.54125771926882,100.0,77.3004546905737
logging_only,P186,D10,HGS-only,0,0,0.2678764887949486,28.19253226763431,27.56878829881219,77.3004546905737
logging_only,P186,D10,HGS+BO5,5,0,0.2678758241974097,28.19253226763431,23.692334206329548,77.3004546905737
logging_only,P186,D10,HGS+BO10,10,0,0.20689609412166718,41.305540987529234,0.03599321524676485,77.3004546905737
logging_only,P189,D01,CS-BO,30,0,1.3101026549220136,9.687006055819635,100.0,32.592832065347004
logging_only,P189,D01,CS-BO,30,1,1.3099890338420903,9.755142656286962,100.0,32.592832065347004
logging_only,P189,D01,CS-BO,30,2,1.3100080801743899,9.706249488792649,100.0,32.592832065347004
logging_only,P189,D01,WS-BO,30,0,1.3100273008401635,9.723415481432435,100.0,32.592832065347004
logging_only,P189,D01,WS-BO,30,1,1.3102806151353612,9.72766234645143,56.702930424851154,32.592832065347004
logging_only,P189,D01,WS-BO,30,2,1.3099971777315835,9.75775304396198,100.0,32.592832065347004
logging_only,P189,D01,HGS-only,0,0,1.3284404891838082,8.797274655037981,100.00000000000004,32.592832065347004
logging_only,P189,D01,HGS+BO5,5,0,1.3284404891838082,8.797274655037981,100.00000000000004,32.592832065347004
logging_only,P189,D01,HGS+BO10,10,0,1.3284404891838082,8.797274655037981,100.00000000000004,32.592832065347004
logging_only,P189,D02,CS-BO,30,0,1.4387343684624019,9.115340937938674,100.0,31.636560457241096
logging_only,P189,D02,CS-BO,30,1,1.4387023532261594,9.107506315975114,100.0,31.636560457241096
logging_only,P189,D02,CS-BO,30,2,1.4387203845460033,9.070084355934636,100.0,31.636560457241096
logging_only,P189,D02,WS-BO,30,0,1.4388063059321334,9.047792529231149,100.0,31.636560457241096
logging_only,P189,D02,WS-BO,30,1,1.439043393308321,9.04557207959497,60.69881461506126,31.636560457241096
logging_only,P189,D02,WS-BO,30,2,1.438800475740823,9.04066974193673,100.0,31.636560457241096
logging_only,P189,D02,HGS-only,0,0,1.4519399917934979,8.372035933892068,53.90414441819286,31.636560457241096
logging_only,P189,D02,HGS+BO5,5,0,1.4519399917934979,8.372035933892068,53.90414441819286,31.636560457241096
logging_only,P189,D02,HGS+BO10,10,0,1.4519399917934979,8.372035933892068,53.90414441819286,31.636560457241096
logging_only,P189,D03,CS-BO,30,0,1.2114709983665115,10.283170650781798,98.32167127807728,33.377871412271965
logging_only,P189,D03,CS-BO,30,1,1.2114021391809775,10.3185052850317,100.0,33.377871412271965
logging_only,P189,D03,CS-BO,30,2,1.2114849251892672,10.244950453429073,100.0,33.377871412271965
logging_only,P189,D03,WS-BO,30,0,1.2116818226223336,10.254539761049193,58.13612757750492,33.377871412271965
logging_only,P189,D03,WS-BO,30,1,1.211652690079761,10.246834399482557,62.167430390979405,33.377871412271965
logging_only,P189,D03,WS-BO,30,2,1.2113795952176383,10.292966934180004,100.0,33.377871412271965
logging_only,P189,D03,HGS-only,0,0,1.235363061420735,9.173285294948288,43.970522202598815,33.377871412271965
logging_only,P189,D03,HGS+BO5,5,0,1.2225323521662683,9.527464903067473,100.0,33.377871412271965
logging_only,P189,D03,HGS+BO10,10,0,1.2225323521662683,9.527464903067473,100.0,33.377871412271965
logging_only,P189,D04,CS-BO,30,0,1.6170905741599761,8.320939144231234,100.0,30.168736427389327
logging_only,P189,D04,CS-BO,30,1,1.6170524991688477,8.35604907079244,100.0,30.168736427389327
logging_only,P189,D04,CS-BO,30,2,1.6170481737111424,8.35478557924833,100.0,30.168736427389327
logging_only,P189,D04,WS-BO,30,0,1.6170380959740056,8.351869104287996,100.0,30.168736427389327
logging_only,P189,D04,WS-BO,30,1,1.6171071162607213,8.415036492118753,100.0,30.168736427389327
logging_only,P189,D04,WS-BO,30,2,1.6171037160584651,8.414524001548104,100.0,30.168736427389327
logging_only,P189,D04,HGS-only,0,0,1.625324728563902,7.844860753661457,95.96049248847946,30.168736427389327
logging_only,P189,D04,HGS+BO5,5,0,1.625324728563902,7.844860753661457,95.96049248847946,30.168736427389327
logging_only,P189,D04,HGS+BO10,10,0,1.625324728563902,7.844860753661457,95.96049248847946,30.168736427389327
logging_only,P189,D05,CS-BO,30,0,1.1326199169363036,10.866887888454322,100.0,34.04763009607868
logging_only,P189,D05,CS-BO,30,1,1.1326834529436334,10.83320919885876,100.0,34.04763009607868
logging_only,P189,D05,CS-BO,30,2,1.1326833161635605,10.81356123889386,100.0,34.04763009607868
logging_only,P189,D05,WS-BO,30,0,1.1329404532232537,10.926455957232122,58.66588756641318,34.04763009607868
logging_only,P189,D05,WS-BO,30,1,1.1329003147905332,10.87043281804227,57.90754049139209,34.04763009607868
logging_only,P189,D05,WS-BO,30,2,1.1326780379583015,10.826341836879566,100.0,34.04763009607868
logging_only,P189,D05,HGS-only,0,0,1.1493680081782949,9.820775069578605,100.0,34.04763009607868
logging_only,P189,D05,HGS+BO5,5,0,1.1478768157316248,9.868689432707296,100.0,34.04763009607868
logging_only,P189,D05,HGS+BO10,10,0,1.1478768157316248,9.868689432707296,100.0,34.04763009607868
logging_only,P189,D06,CS-BO,30,0,1.1472799401548475,10.702372538393012,100.0,33.05458822043756
logging_only,P189,D06,CS-BO,30,1,1.1473298134467975,10.643258910592712,100.0,33.05458822043756
logging_only,P189,D06,CS-BO,30,2,1.147522294902034,10.570279713513726,100.0,33.05458822043756
logging_only,P189,D06,WS-BO,30,0,1.1478409513024193,10.893258078294611,100.0,33.05458822043756
logging_only,P189,D06,WS-BO,30,1,1.1474864292355609,10.636965699163461,62.4594306979747,33.05458822043756
logging_only,P189,D06,WS-BO,30,2,1.1474412500798947,10.614442248515212,100.0,33.05458822043756
logging_only,P189,D06,HGS-only,0,0,1.1592649426012476,9.827818734182763,100.0,33.05458822043756
logging_only,P189,D06,HGS+BO5,5,0,1.1581005358641996,9.868689432707296,100.0,33.05458822043756
logging_only,P189,D06,HGS+BO10,10,0,1.1581005358641996,9.868689432707296,100.0,33.05458822043756
logging_only,P189,D07,CS-BO,30,0,0.9710815607070673,12.091729689906769,86.50716762861869,32.429220361992236
logging_only,P189,D07,CS-BO,30,1,0.9710497143604296,12.09209783237391,100.0,32.429220361992236
logging_only,P189,D07,CS-BO,30,2,0.9711691986603795,11.999543055784766,100.0,32.429220361992236
logging_only,P189,D07,WS-BO,30,0,0.9714948891668221,12.262778454705767,51.06341555693996,32.429220361992236
logging_only,P189,D07,WS-BO,30,1,0.9710493672519175,12.090457805010278,100.0,32.429220361992236
logging_only,P189,D07,WS-BO,30,2,0.9710610048046814,12.031349485616415,100.0,32.429220361992236
logging_only,P189,D07,HGS-only,0,0,0.9856391873983676,10.968480564464238,100.00000000000004,32.429220361992236
logging_only,P189,D07,HGS+BO5,5,0,0.9856391873983676,10.968480564464238,100.00000000000004,32.429220361992236
logging_only,P189,D07,HGS+BO10,10,0,0.9856391873983676,10.968480564464238,100.00000000000004,32.429220361992236
logging_only,P189,D08,CS-BO,30,0,1.3649006439303686,9.448162751572536,100.0,32.18573549607996
logging_only,P189,D08,CS-BO,30,1,1.3649574513177396,9.416716253376713,100.0,32.18573549607996
logging_only,P189,D08,CS-BO,30,2,1.3648972362358849,9.446069530899484,100.0,32.18573549607996
logging_only,P189,D08,WS-BO,30,0,1.3649546278074687,9.520702555547725,100.0,32.18573549607996
logging_only,P189,D08,WS-BO,30,1,1.3651810893289227,9.404744986415402,60.112085584028286,32.18573549607996
logging_only,P189,D08,WS-BO,30,2,1.3649502396706366,9.390579429867913,100.0,32.18573549607996
logging_only,P189,D08,HGS-only,0,0,1.3779114193630622,8.692926983010477,73.16065437952014,32.18573549607996
logging_only,P189,D08,HGS+BO5,5,0,1.3779114193630622,8.692926983010477,73.16065437952014,32.18573549607996
logging_only,P189,D08,HGS+BO10,10,0,1.3779114193630622,8.692926983010477,73.16065437952014,32.18573549607996
logging_only,P189,D09,CS-BO,30,0,1.3746067664883819,9.37641754956518,100.0,32.44597759008306
logging_only,P189,D09,CS-BO,30,1,1.3745368915150724,9.431788874160514,100.0,32.44597759008306
logging_only,P189,D09,CS-BO,30,2,1.374533372329886,9.395177658850049,100.0,32.44597759008306
logging_only,P189,D09,WS-BO,30,0,1.3745218213116377,9.426643788860028,100.0,32.44597759008306
logging_only,P189,D09,WS-BO,30,1,1.3748124929976173,9.349966484689405,60.36417469187068,32.44597759008306
logging_only,P189,D09,WS-BO,30,2,1.3745850626094813,9.344413532726922,100.0,32.44597759008306
logging_only,P189,D09,HGS-only,0,0,1.3858842260091526,8.692926983010477,73.16065437952014,32.44597759008306
logging_only,P189,D09,HGS+BO5,5,0,1.3858842260091526,8.692926983010477,73.16065437952014,32.44597759008306
logging_only,P189,D09,HGS+BO10,10,0,1.3858842260091526,8.692926983010477,73.16065437952014,32.44597759008306
logging_only,P189,D10,CS-BO,30,0,1.1254925609618303,10.947124384640345,100.0,31.71993981958567
logging_only,P189,D10,CS-BO,30,1,1.1254587611510731,10.869677192400397,100.0,31.71993981958567
logging_only,P189,D10,CS-BO,30,2,1.125682867152589,10.79413702791504,100.0,31.71993981958567
logging_only,P189,D10,WS-BO,30,0,1.125688007106807,10.790844721214416,100.0,31.71993981958567
logging_only,P189,D10,WS-BO,30,1,1.1256512938338843,10.886544328231771,59.10287251318169,31.71993981958567
logging_only,P189,D10,WS-BO,30,2,1.1254620792523573,10.873113772399332,100.0,31.71993981958567
logging_only,P189,D10,HGS-only,0,0,1.1469680678971064,9.712132611074798,100.00000000000004,31.71993981958567
logging_only,P189,D10,HGS+BO5,5,0,1.1469680678971064,9.712132611074798,100.00000000000004,31.71993981958567
logging_only,P189,D10,HGS+BO10,10,0,1.1469680678971064,9.712132611074798,100.00000000000004,31.71993981958567
